name,tonertype,printer,yield,manf
W9014MC,black,HP A3 E825 Series,69000,OEM
W9040MC,black,HP A3 E778 Series,34000,OEM
X4D18AC,black,HPPW P77740,20000,OEM
M0K28XC,black,HPPW P77750,22000,OEM
W9050MC,black,HP A3 E876 Series,54500,OEM
W9005MC,black,HP A3 E725 Series,48000,OEM
Q5945A,black,HPLJ 4345 & M4345 MFP,18000,OEM
F6T84AN,black,HPPW 452,10000,OEM
F6T84AN,black,HPPW 477,10000,OEM
L0R08A,black,HPPW 552,17000,OEM
L0R08A,black,HPPW 577,17000,OEM
L0R16A,black,HPPW 556,20000,OEM
L0R16A,black,HPPW 586,20000,OEM
C7115X,black,"HPLJ 1000, 1200, 1220",3500,OEM
Q2612A,black,HPLJ 1010 / 1012 / 1015 / 1018 / 1020 / 1022,2000,OEM
C4092A,black,HPLJ 1100 /3200,2500,OEM
Q2624a,black,HPLJ 1150,2500,OEM
Q5949X,black,HPLJ 1160 / 1320,6000,OEM
Q2613X,black,HPLJ 1300,4000,OEM
Q2612A,black,HPLJ 1319 MFP,2000,OEM
C4096A,black,HPLJ 2100,5000,OEM
C4096A,black,HPLJ 2200,5000,OEM
Q2610A,black,HPLJ 2300,6000,OEM
Q6511X,black,"HPLJ 2420, 2430",12000,OEM
Q2612A,black,HPLJ 3050 / 3052 / 3055 MFP,2000,OEM
C7115X,black,HPLJ 3300 MFP,3500,OEM
92291A,black,"HPLJ 3SI, 4SI",10250,OEM
92298a,black,"HPLJ 4, 4+, 5",6800,OEM
C4127X,black,"HPLJ 4000, 4050",10000,OEM
C8061X,black,HPLJ 4100,10000,OEM
C8061X,black,HPLJ 4100 MFP,10000,OEM
C8061X,black,"HPLJ 4100, 4101 MFP",10000,OEM
Q1338A,black,HPLJ 4200,12000,OEM
Q5942A,black,HPLJ 4240,10000,OEM
Q5942X,black,HPLJ 4250,20000,OEM
Q1339A,black,HPLJ 4300,18000,OEM
Q5942X,black,HPLJ 4350,20000,OEM
C3900A,black,HPLJ 4V,8100,OEM
C4129X,black,HPLJ 5000 / 5100,10000,OEM
Q7516A,black,HPLJ 5200,12000,OEM
0,black,"HPLJ 5L, 6L, 3100",0,OEM
C3903A,black,"HPLJ 5P, 6P",4000,OEM
0,black,HPLJ 8000,0,OEM
C4182X,black,HPLJ 8100,20000,OEM
C4182X,black,HPLJ 8150,20000,OEM
C8543X,black,HPLJ 9000,30000,OEM
C8543X,black,HPLJ 9000 MFP,30000,OEM
C8543X,black,HPLJ 9040/9050,30000,OEM
Q6000A,black,HPLJ C1600 / 2600n / 2605,2500,OEM
C9700A,black,HPLJ C2500,5000,OEM
Q3960A,black,HPLJ C2550,5000,OEM
q3960A,black,HPLJ C2800 MFP,5000,OEM
q3960a,black,HPLJ C2840,5000,OEM
Q7560A,black,HPLJ C3000,6500,OEM
Q2670A,black,HPLJ C3500 / 3550,6000,OEM
Q6470A,black,HPLJ C3600,6000,OEM
Q2670A,black,HPLJ C3700,6000,OEM
Q6470A,black,HPLJ C3800,6000,OEM
C4191A,black,HPLJ C4500,9000,OEM
C4191A,black,HPLJ C4550,9000,OEM
C9720A,black,HPLJ C4600 / 4650,9000,OEM
Q5950A,black,HPLJ C4700,11000,OEM
Q6460A,black,HPLJ C4730 MFP,12000,OEM
C9730A,black,HPLJ C5500 / C5550,13000,OEM
C4149A,black,HPLJ C8500 / 8550,17000,OEM
C8550A,black,HPLJ C9500,25000,OEM
C8550A,black,HPLJ C9500 MFP,25000,OEM
Q6000A,black,HPLJ CM1015 / 1017 MFP,2500,OEM
CB540A,black,HPLJ CM1312nfi MFP,2200,OEM
CE320A,black,HPLJ CM1415 MFP,2000,OEM
CC530A,black,HPLJ CM2320 MFP,3500,OEM
CE250X,black,HPLJ CM3530 MFP,10500,OEM
CE264x,black,HPLJ CM4540 MFP,17000,OEM
CB390A,black,HPLJ CM6030/6040 MFP,19500,OEM
CE310A,black,HPLJ CP1025,1200,OEM
CB540A,black,HPLJ CP1210/1215 /1510/1518ni,2200,OEM
CE320A,black,HPLJ CP1525,2000,OEM
CC530A,black,HPLJ CP2025,3500,OEM
Q6470A,black,HPLJ CP3505,6000,OEM
CE250X,black,HPLJ CP3525,10500,OEM
CB400A,black,HPLJ CP4005,7500,OEM
CE260X,black,HPLJ CP4025,17000,OEM
CE260X,black,HPLJ CP4525,17000,OEM
CE740A,black,HPLJ CP5225,7000,OEM
CE270A,black,HPLJ CP5525,13500,OEM
CB380A,black,HPLJ CP6015 ,16500,OEM
W9060MC,black,HPLJ E55040,15000,OEM
W9004MC,black,HPLJ E62565 MFP,50000,OEM
W9030MC,black,HPLJ E67550 / E67650 MFP,32200,OEM
CE285a,black,HPLJ M1210,1600,OEM
CE285a,black,HPLJ M1212nf MFP,1600,OEM
CE285a,black,HPLJ M1217 MFP,1600,OEM
CF283x,black,HPLJ M127,2200,OEM
CB436A,black,HPLJ M1522 MFP,2000,OEM
CE278a,black,HPLJ M1536 MFP,2100,OEM
CE310A,black,HPLJ M175NW MFP,1200,OEM
CF350A,black,HPLJ M177 MFP,1300,OEM
CF283X,black,HPLJ M201,2200,OEM
CF283X,black,HPLJ M225 MFP,2200,OEM
CF210X,black,HPLJ M251,2400,OEM
CF400x,black,HPLJ M252 MFP,2800,OEM
Q7553X,black,HPLJ M2727 MFP,7000,OEM
ce310a,black,HPLJ M275 MFP,1200,OEM
CF210X,black,HPLJ M276 MFP,2400,OEM
CF400x,black,HPLJ M277 MFP,2800,OEM
Q7551X,black,HPLJ M3027 MFP,13000,OEM
Q7551X,black,HPLJ M3035 MFP,13000,OEM
Q5949X,black,HPLJ M3390 MFP,6000,OEM
CE410X,black,"HPLJ M351, M451",4000,OEM
CE410X,black,HPLJ M375 MFP,4000,OEM
CF280x,black,HPLJ M401,6900,OEM
CF226X,black,HPLJ M402,9000,OEM
CF228X,black,HPLJ M403,9000,OEM
CF280x,black,HPLJ M425 MFP,6900,OEM
CF226X,black,HPLJ M426 MFP,9000,OEM
CF410X,black,HPLJ M452,6500,OEM
CE390X,black,HPLJ M4555 MFP,24000,OEM
CE410X,black,HPLJ M475 MFP,4000,OEM
CF380X,black,HPLJ M476 MFP,4400,OEM
CF410X,black,HPLJ M477 MFP,6500,OEM
Q7570A,black,HPLJ M5025 MFP,15000,OEM
Q7570A,black,HPLJ M5035 MFP,15000,OEM
CF287X,black,HPLJ M501 / M506,18000,OEM
CE255x,black,HPLJ M521dn MFP,12500,OEM
CE255x,black,HPLJ M525 MFP,12500,OEM
CF287X,black,HPLJ M527 MFP,18000,OEM
CE400X,black,HPLJ M551 MFP,11000,OEM
CF360x,black,HPLJ M552,12500,OEM
Cf360x,black,HPLJ M553,12500,OEM
CE400X,black,HPLJ M570 MFP,11000,OEM
CE400X,black,HPLJ M575 MFP,11000,OEM
Cf360x,black,HPLJ M577 MFP,12500,OEM
CE390A,black,HPLJ M601,10000,OEM
CE390X,black,HPLJ M602,24000,OEM
CE390X,black,HPLJ M603,24000,OEM
CF281A,black,HPLJ M604,10500,OEM
CF281X,black,HPLJ M605,25000,OEM
CF281X,black,HPLJ M606,25000,OEM
CF237A,black,HPLJ M607,11000,OEM
CF281X,black,HPLJ M630 MFP,25000,OEM
CF237Y,black,HPLJ M631 / M632 MFP,41000,OEM
CF330X,black,HPLJ M651,20500,OEM
CF460X,black,HPLJ M652,27000,OEM
CF320X,black,HPLJ M680 MFP,21000,OEM
CF470X,black,HPLJ M681 / M682 MFP,28000,OEM
CF214X,black,HPLJ M712,17500,OEM
CF214X,black,HPLJ M725 MFP,17500,OEM
CE270A,black,HPLJ M750,13500,OEM
CE340A,black,HPLJ M775 MFP,13500,OEM
CF325x,black,HPLJ M806,40000,OEM
CF325x,black,HPLJ M830 MFP,40000,OEM
CF310A,black,HPLJ M855,29000,OEM
CF300A,black,HPLJ M880 MFP,29500,OEM
C8543X,black,HPLJ M9040 M9050 MFP,30000,OEM
CB435A,black,HPLJ P1005/1006,1500,OEM
CE285a,black,HPLJ P1100,1600,OEM
CE285a,black,HPLJ P1102,1600,OEM
CB436A,black,HPLJ P1500,2000,OEM
CB436a,black,HPLJ P1505,2000,OEM
CE278a,black,HPLJ P1606,2100,OEM
Q7553X,black,HPLJ P2014/P2015,7000,OEM
CE505A,black,HPLJ P2030/P2035,2300,OEM
CE505X,black,HPLJ P2055,6500,OEM
Q7551X,black,HPLJ P3005,13000,OEM
CE255x,black,HPLJ P3010,12500,OEM
CE255x,black,HPLJ P3015,12500,OEM
CC364A,black,HPLJ P4014,10000,OEM
CC364X,black,HPLJ P4015,24000,OEM
CC364X,black,HPLJ P4515,24000,OEM
92295A,black,HPLJ SX,4000,OEM
CN625Am,black,"HPOJ X451, X476 MFP",9200,OEM
CN625Am,black,"HPOJ X551, X576 MFP",9200,OEM
D8J10A,black,HPOJ X555,10000,OEM
D8J10A,black,HPOJ X585 MFP,10000,OEM
1380200,black,IBM 4019 - 4028 - 4029,9500,OEM
1380950,black,IBM 4039 - 4049,12800,OEM
90h3566,black,IBM InfoPrint 40 (4332),23000,OEM
24b6519,black,Lexmark C4150,16000,OEM
20k1403,black,Lexmark C510,10000,OEM
c5240kh,black,Lexmark C524,6000,OEM
c5220ks,black,"Lexmark C530, C532",4000,OEM
c5240kh,black,Lexmark C534,6000,OEM
C540h2kg,black,Lexmark C540 / C543,2500,OEM
c544x1kg,black,Lexmark C544,6000,OEM
C546U1KG,black,Lexmark C546,8000,OEM
24b5998,black,Lexmark C6160,20000,OEM
c734a1kg,black,Lexmark C734,8000,OEM
c736h1kg,black,Lexmark C736,12000,OEM
c746h1kg,black,Lexmark C746,12000,OEM
c746h1kg,black,Lexmark C748,12000,OEM
15g041k,black,Lexmark C760,6000,OEM
c7700kh,black,Lexmark C770 / C772,10000,OEM
c780h1kg,black,Lexmark C780,10000,OEM
C782X1KG,black,Lexmark C782,16500,OEM
c792x1kg,black,Lexmark C792,20000,OEM
12n0771,black,Lexmark C910,14000,OEM
c9202kh,black,Lexmark C912,15000,OEM
C925x72g,black,Lexmark C925,30000,OEM
C930H2KG,black,Lexmark C935,38000,OEM
C950X2KG,black,Lexmark C950,32000,OEM
70C1HK0,black,Lexmark CS310,4000,OEM
70C1HK0,black,Lexmark CS410,4000,OEM
70C1XK0,black,Lexmark CS510,8000,OEM
24B5807,black,Lexmark CS736,12000,OEM
24b5807,black,Lexmark CS748,12000,OEM
24B5831,black,Lexmark CS796de,20000,OEM
80C1SK0,black,Lexmark CX310 MFP,2500,OEM
80C1HK0,black,Lexmark CX410 MFP,4000,OEM
80C1XK0,black,Lexmark CX510 MFP,8000,OEM
12015sa,black,Lexmark E120n,2000,OEM
10S0150,black,Lexmark E210,2000,OEM
24015SA,black,Lexmark E232,2500,OEM
24015SA,black,Lexmark E240N,2500,OEM
E250A11A,black,Lexmark E250d,3500,OEM
E260A11A,black,Lexmark E260,3500,OEM
E260A11A,black,Lexmark E260D,3500,OEM
08A0478,black,Lexmark E320,6000,OEM
12A7405,black,Lexmark E321 / 323,6000,OEM
08A0478,black,Lexmark E322,6000,OEM
24035SA,black,Lexmark E330 / 332,2500,OEM
24035SA,black,Lexmark E340,2500,OEM
24035SA,black,Lexmark E342,2500,OEM
e352h11a,black,"Lexmark E350, E352",9000,OEM
E360H11A,black,Lexmark E360,9000,OEM
E450H11A,black,Lexmark E450,11000,OEM
E460X11A,black,Lexmark E460,15000,OEM
e462u11a,black,Lexmark E462,18000,OEM
24B5850,black,Lexmark ES460,14000,OEM
24b6035,black,Lexmark M1145,16000,OEM
24b6186,black,Lexmark M3150,16000,OEM
17G0154,black,Lexmark M410/412,15000,OEM
24b6015,black,Lexmark M5155,35000,OEM
24b6015,black,Lexmark M5163,35000,OEM
24b6015,black,Lexmark M5170,35000,OEM
50F1H00,black,Lexmark MS310/312/315,5000,OEM
50F1X00,black,Lexmark MS410/415,10000,OEM
50F1U00,black,Lexmark MS510,20000,OEM
50F1U00,black,Lexmark MS610,20000,OEM
52D1H00,black,Lexmark MS810,25000,OEM
52D1X00,black,Lexmark MS811,45000,OEM
52D1X00,black,Lexmark MS812,45000,OEM
54G0H00,black,Lexmark MS911 ,32500,OEM
60F1H00,black,Lexmark MX310 MFP,10000,OEM
60F1H00,black,Lexmark MX410 MFP,10000,OEM
60F1X00,black,Lexmark MX510 MFP,20000,OEM
60F1X00,black,Lexmark MX511 MFP,20000,OEM
60F1X00,black,Lexmark MX610 MFP,20000,OEM
60F1X00,black,Lexmark MX611 MFP,20000,OEM
62D1H00,black,Lexmark MX710 MFP,25000,OEM
62D1X00,black,Lexmark MX711 MFP,45000,OEM
62D1X00,black,Lexmark MX810 MFP,45000,OEM
62D1X00,black,Lexmark MX811 MFP,45000,OEM
62D1X00,black,Lexmark MX812 MFP,45000,OEM
64g0h00,black,Lexmark MX910-911-912 MFP,32500,OEM
1380950,black,Lexmark Optra R&L 4039 - 4049,12800,OEM
12A0825,black,Lexmark Optra Se 3455,23000,OEM
12A6835,black,Lexmark T520 / 522,20000,OEM
12A5845,black,Lexmark T610/612/614/616,25000,OEM
12A6865,black,Lexmark T620/622,30000,OEM
12A7462,black,Lexmark T630/632/634,21000,OEM
64015ha,black,Lexmark T640,21000,OEM
64015ha,black,Lexmark T642,21000,OEM
64015ha,black,Lexmark T644,21000,OEM
T650H21A,black,Lexmark T650,25000,OEM
T650H21A,black,Lexmark T652,25000,OEM
T650H21A,black,Lexmark T654,25000,OEM
T650H21A,black,Lexmark T656,25000,OEM
24B5880,black,Lexmark TS652,30000,OEM
24B5880,black,Lexmark TS654 / TS656,30000,OEM
14K0050,black,Lexmark W812,12000,OEM
12b0090,black,Lexmark W820,30000,OEM
W84020h,black,Lexmark W840,30000,OEM
W850H21G,black,Lexmark W850,35000,OEM
x203a11g,black,Lexmark X204 MFP,2500,OEM
x264h11g,black,"Lexmark X264, X363, X364 MFP",9000,OEM
x340h11g,black,Lexmark X342 MFP,6000,OEM
X264H11G,black,Lexmark X346DN MFP,9000,OEM
x463x11g,black,"Lexmark X463, X464, X466 MFP",15000,OEM
c500h2kg,black,"Lexmark X500, X502 MFP",5000,OEM
C540H2KG,black,Lexmark X543 MFP,2500,OEM
C544X1KG,black,Lexmark X544 MFP,6000,OEM
C546U1KG,black,Lexmark X546 MFP,8000,OEM
C546U1KG,black,Lexmark X548 MFP,8000,OEM
X560H2KG,black,Lexmark X560 MFP,10000,OEM
X644X11a,black,Lexmark X646 MFP,32000,OEM
x651h11a,black,Lexmark X651 MFP,20000,OEM
x651h11a,black,Lexmark X652 MFP,20000,OEM
x654x11a,black,"Lexmark X654, X656, X658 MFP",36000,OEM
c734a1kg,black,Lexmark X734 MFP,8000,OEM
c736h1kg,black,"Lexmark X736, X738 MFP",12000,OEM
x746h1kg,black,Lexmark X746 MFP,12000,OEM
x746h1kg,black,Lexmark X748 MFP,12000,OEM
C782U1KG,black,Lexmark X782e MFP,16500,OEM
x792x1kg,black,Lexmark X792 MFP,20000,OEM
x860h21g,black,Lexmark X860 MFP,35000,OEM
x860h21g,black,Lexmark X862 MFP,35000,OEM
x860h21g,black,Lexmark X864 MFP,35000,OEM
C925x72g,black,Lexmark X925 MFP,30000,OEM
x945x2kg,black,"Lexmark X940, X945 MFP",36000,OEM
x950X2KG,black,Lexmark X950 MFP,32000,OEM
x950X2KG,black,Lexmark X952 MFP,32000,OEM
x950X2KG,black,Lexmark X954 MFP,32000,OEM
24b6011,black,Lexmark XC2130 MFP,6000,OEM
24B6011,black,Lexmark XC2132 MFP,6000,OEM
24b6720,black,Lexmark XC4140 / 4150,20000,OEM
24b6511,black,Lexmark XC6152,25000,OEM
24b6511,black,Lexmark XC8155,25000,OEM
24b6515,black,Lexmark XC8160,50000,OEM
21z0295,black,"Lexmark XC940e MFP, XC945e MFP",36000,OEM
24b6035,black,Lexmark XM1145 MFP,16000,OEM
24b6186,black,Lexmark XM3150 MFP,16000,OEM
24b6015,black,Lexmark XM5163 / XM5263 MFP,35000,OEM
24b6015,black,Lexmark XM5170 MFP,35000,OEM
24b6020,black,Lexmark XM5270 / XM7163 / XM7263 MFP,35000,OEM
12a6420,black,"Lexmark XM642, XM644, XM646 MFP",32000,OEM
24b6020,black,Lexmark XM7155 MFP,35000,OEM
24b6020,black,Lexmark XM7170 MFP,35000,OEM
24b6826,black,Lexmark XM7270 MFP,35000,OEM
22x1119,black,"Lexmark XM850, XM852, XM854 MFP",30000,OEM
24b6326,black,Lexmark XM9100 Series (9145-9155-9165),25000,OEM
24B5850,black,Lexmark XS463 MFP,14000,OEM
24B5875,black,Lexmark XS651 MFP,30000,OEM
24B5875,black,Lexmark XS652 MFP,30000,OEM
24B5875,black,Lexmark XS654 MFP,30000,OEM
24B5875,black,Lexmark XS658 MFP,30000,OEM
24B5807,black,Lexmark XS734 MFP,12000,OEM
24B5807,black,Lexmark XS736 MFP,12000,OEM
24b5807,black,Lexmark XS748de MFP,12000,OEM
C782X1KG,black,Lexmark XS782 MFP,16500,OEM
24b6022,black,Lexmark XS795/798dte MFP,20000,OEM
24B5835,black,Lexmark XS796 MFP,20000,OEM
19Z0022,black,Lexmark XS860de 4 MFP,35000,OEM
19Z0022,black,Lexmark XS862de 4 MFP,35000,OEM
19Z0022,black,Lexmark XS864de 4 MFP,35000,OEM
24z0037,black,Lexmark XS925 MFP,8500,OEM
22Z0008,black,Lexmark XS955dhe MFP,32000,OEM
41331701,black,OKIdata 14e,4000,OEM
828156,black,Toshiba eS1105,60000,OEM
828156,black,Toshiba eS1355,60000,OEM
T2450,black,Toshiba eS195,25000,OEM
TFC200UK,black,Toshiba eS2000AC / 2500AC,38400,OEM
T2507U,black,Toshiba eS2007/2507,10000,OEM
T3008U,black,Toshiba eS2008A / 2508A / 3008A,43900,OEM
T2021,black,Toshiba eS202/203,8000,OEM
TFC25K,black,Toshiba eS2040C,34200,OEM
T4530,black,Toshiba eS205 I,30000,OEM
TFC30UK,black,Toshiba eS2050C/2051C,32000,OEM
T4590,black,Toshiba eS206,36600,OEM
T5070U,black,Toshiba eS207,36600,OEM
T2450,black,Toshiba eS223,25000,OEM
T2450,black,Toshiba eS225,25000,OEM
T2507U,black,Toshiba eS2306,10000,OEM
TFC28K,black,Toshiba eS2330c or eS2830c,29000,OEM
T2505U,black,Toshiba eS2505,10000,OEM
TFC505UK,black,Toshiba eS2505AC,38400,OEM
TFC25K,black,Toshiba eS2540C,34200,OEM
T4530,black,Toshiba Es255,30000,OEM
TFC30UK,black,Toshiba eS2550C/2551C,32000,OEM
TFC50UK,black,Toshiba eS2555C,32000,OEM
T4590,black,Toshiba eS256,36600,OEM
T5070U,black,Toshiba eS257,36600,OEM
T281CK,black,Toshiba eS281c,27000,OEM
TFC34UK,black,Toshiba eS287/347CS/407CS,15000,OEM
TFC505UK,black,Toshiba eS3005,38400,OEM
TFC25K,black,Toshiba eS3040C,34200,OEM
T4530,black,Toshiba eS305,30000,OEM
TFC50UK,black,Toshiba eS3055C,32000,OEM
T4590,black,Toshiba eS306,36600,OEM
T3030U,black,Toshiba eS306LP & RD30,29333,OEM
T5070U,black,Toshiba eS307,36600,OEM
TFC505UK,black,Toshiba eS3505,38400,OEM
T3008U,black,Toshiba eS3508A / 4508A / 5008A,43900,OEM
T281CK,black,Toshiba eS351c,27000,OEM
TFC28K,black,Toshiba eS3530c,29000,OEM
TFC25K,black,Toshiba eS3540C,34200,OEM
T4530,black,Toshiba eS355,30000,OEM
TFC50UK,black,Toshiba eS3555C,32000,OEM
T4590,black,Toshiba eS356,36600,OEM
T5070U,black,Toshiba eS357,36600,OEM
TFC505UK,black,Toshiba eS4505,38400,OEM
T281CK,black,Toshiba eS451c,27000,OEM
TFC28K,black,Toshiba eS4520c,29000,OEM
TFC25K,black,Toshiba eS4540C,34200,OEM
T4530,black,Toshiba eS455,30000,OEM
TFC50UK,black,Toshiba eS4555C,32000,OEM
T4590,black,Toshiba eS456 / 506,36600,OEM
T5070U,black,Toshiba eS457/507,36600,OEM
T4710U,black,Toshiba eS477,36000,OEM
TFC505UK,black,Toshiba eS5005,38400,OEM
TFC50UK,black,Toshiba eS5055C,32000,OEM
T4710U,black,Toshiba eS527,36000,OEM
TFC556UK,black,Toshiba eS5506AC / 6506AC,106600,OEM
T5508U,black,Toshiba eS5508A / 6508A / 7508A / 8508A,106600,OEM
TFC55K,black,Toshiba eS5520c,60000,OEM
TFC65K,black,Toshiba eS5540C,77400,OEM
T8550,black,Toshiba eS555,62400,OEM
T8560,black,Toshiba eS556,73900,OEM
TFC75UK,black,Toshiba eS5560c,77400,OEM
T8570U,black,Toshiba eS557,73900,OEM
TFC55K,black,Toshiba eS6520c,60000,OEM
TFC55K,black,Toshiba eS6530c,60000,OEM
TFC65K,black,Toshiba eS6540C,77400,OEM
T8550,black,Toshiba eS655,62400,OEM
TFC65K,black,Toshiba eS6550C,77400,OEM
T8560,black,Toshiba eS656,73900,OEM
TFC75UK,black,Toshiba eS6560c,77400,OEM
T8570U,black,Toshiba eS657,73900,OEM
TFC75UK,black,Toshiba eS6570c,77400,OEM
TFC556UK,black,Toshiba eS7506AC,106600,OEM
T8550,black,Toshiba eS755,62400,OEM
T8560,black,Toshiba eS756,73900,OEM
T8570U,black,Toshiba eS757,73900,OEM
T8550,black,Toshiba eS855,62400,OEM
T8560,black,Toshiba eS856,73900,OEM
T8570U,black,Toshiba eS857,73900,OEM
828156,black,Toshiba eS905,60000,OEM
T1207U,black,Toshiba eS907 / 1057 / 1207,120000,OEM
RGCN6,black,Dell B3465,8500,OEM
W9000MC,black,HPLJ E65050,32200,OEM
CD975AN,black,HPOJ 7500A,1200,OEM
L0R39AN,black,HPOJ 8720,3000,OEM
M0K01AN,black,HPPW 772,20000,OEM
M0K01AN,black,HPPW 777,20000,OEM
756439,black,Samsung 3471,10000,OEM
99369,black,Samsung 3710,5000,OEM
006R03018,black,Xerox 3300 MFP,8000,OEM
0,cyan,HP A3 E825 Series,0,OEM
W9041MC,cyan,HP A3 E778 Series,32000,OEM
X4D09AC,cyan,HPPW P77740,16000,OEM
M0K05XC,cyan,HPPW P77750,16000,OEM
W9051MC,cyan,HP A3 E876 Series,52000,OEM
0,cyan,HP A3 E725 Series,0,OEM
0,cyan,HPLJ 4345 & M4345 MFP,0,OEM
L0R98AN,cyan,HPPW 452,7000,OEM
L0R98AN,cyan,HPPW 477,7000,OEM
L0R05A,cyan,HPPW 552,13000,OEM
L0R05A,cyan,HPPW 577,13000,OEM
L0R13A,cyan,HPPW 556,16000,OEM
L0R13A,cyan,HPPW 586,16000,OEM
0,cyan,"HPLJ 1000, 1200, 1220",0,OEM
0,cyan,HPLJ 1010 / 1012 / 1015 / 1018 / 1020 / 1022,0,OEM
0,cyan,HPLJ 1100 /3200,0,OEM
0,cyan,HPLJ 1150,0,OEM
0,cyan,HPLJ 1160 / 1320,0,OEM
0,cyan,HPLJ 1300,0,OEM
0,cyan,HPLJ 1319 MFP,0,OEM
0,cyan,HPLJ 2100,0,OEM
0,cyan,HPLJ 2200,0,OEM
0,cyan,HPLJ 2300,0,OEM
0,cyan,"HPLJ 2420, 2430",0,OEM
0,cyan,HPLJ 3050 / 3052 / 3055 MFP,0,OEM
0,cyan,HPLJ 3300 MFP,0,OEM
0,cyan,"HPLJ 3SI, 4SI",0,OEM
0,cyan,"HPLJ 4, 4+, 5",0,OEM
0,cyan,"HPLJ 4000, 4050",0,OEM
0,cyan,HPLJ 4100,0,OEM
0,cyan,HPLJ 4100 MFP,0,OEM
0,cyan,"HPLJ 4100, 4101 MFP",0,OEM
0,cyan,HPLJ 4200,0,OEM
0,cyan,HPLJ 4240,0,OEM
0,cyan,HPLJ 4250,0,OEM
0,cyan,HPLJ 4300,0,OEM
0,cyan,HPLJ 4350,0,OEM
0,cyan,HPLJ 4V,0,OEM
0,cyan,HPLJ 5000 / 5100,0,OEM
0,cyan,HPLJ 5200,0,OEM
0,cyan,"HPLJ 5L, 6L, 3100",0,OEM
0,cyan,"HPLJ 5P, 6P",0,OEM
0,cyan,HPLJ 8000,0,OEM
0,cyan,HPLJ 8100,0,OEM
0,cyan,HPLJ 8150,0,OEM
0,cyan,HPLJ 9000,0,OEM
0,cyan,HPLJ 9000 MFP,0,OEM
0,cyan,HPLJ 9040/9050,0,OEM
Q6001A,cyan,HPLJ C1600 / 2600n / 2605,2000,OEM
Q3961A,cyan,HPLJ C2500,4000,OEM
Q3961A,cyan,HPLJ C2550,4000,OEM
q3961A,cyan,HPLJ C2800 MFP,4000,OEM
q3961a,cyan,HPLJ C2840,4000,OEM
Q7561A,cyan,HPLJ C3000,3500,OEM
Q2671A,cyan,HPLJ C3500 / 3550,4000,OEM
Q6471a,cyan,HPLJ C3600,4000,OEM
Q2681A,cyan,HPLJ C3700,6000,OEM
Q7581A,cyan,HPLJ C3800,6000,OEM
0,cyan,HPLJ C4500,0,OEM
0,cyan,HPLJ C4550,0,OEM
C9721A,cyan,HPLJ C4600 / 4650,8000,OEM
Q5951A,cyan,HPLJ C4700,10000,OEM
Q6461A,cyan,HPLJ C4730 MFP,12000,OEM
C9731A,cyan,HPLJ C5500 / C5550,12000,OEM
0,cyan,HPLJ C8500 / 8550,0,OEM
C8551A,cyan,HPLJ C9500,25000,OEM
C8551A,cyan,HPLJ C9500 MFP,25000,OEM
Q6001A,cyan,HPLJ CM1015 / 1017 MFP,2000,OEM
CB541A,cyan,HPLJ CM1312nfi MFP,1400,OEM
CE321A,cyan,HPLJ CM1415 MFP,1300,OEM
CC531A,cyan,HPLJ CM2320 MFP,3500,OEM
CE251A,cyan,HPLJ CM3530 MFP,13000,OEM
CF031A,cyan,HPLJ CM4540 MFP,14000,OEM
CB381A,cyan,HPLJ CM6030/6040 MFP,31000,OEM
CE311A,cyan,HPLJ CP1025,1000,OEM
CB541A,cyan,HPLJ CP1210/1215 /1510/1518ni,1400,OEM
CE321A,cyan,HPLJ CP1525,1300,OEM
CC531A,cyan,HPLJ CP2025,3500,OEM
Q7581A,cyan,HPLJ CP3505,6000,OEM
CE251A,cyan,HPLJ CP3525,13000,OEM
CB401A,cyan,HPLJ CP4005,7500,OEM
CE261A,cyan,HPLJ CP4025,14000,OEM
CE261A,cyan,HPLJ CP4525,14000,OEM
CE741A,cyan,HPLJ CP5225,10000,OEM
CE271A,cyan,HPLJ CP5525,10000,OEM
CB381A,cyan,HPLJ CP6015 ,31000,OEM
W9061MC,cyan,HPLJ E55040,12500,OEM
0,cyan,HPLJ E62565 MFP,0,OEM
W9031MC,cyan,HPLJ E67550 / E67650 MFP,28000,OEM
0,cyan,HPLJ M1210,0,OEM
0,cyan,HPLJ M1212nf MFP,0,OEM
0,cyan,HPLJ M1217 MFP,0,OEM
0,cyan,HPLJ M127,0,OEM
0,cyan,HPLJ M1522 MFP,0,OEM
0,cyan,HPLJ M1536 MFP,0,OEM
CE311A,cyan,HPLJ M175NW MFP,1000,OEM
CF351A,cyan,HPLJ M177 MFP,1000,OEM
0,cyan,HPLJ M201,0,OEM
0,cyan,HPLJ M225 MFP,0,OEM
CF211A,cyan,HPLJ M251,1800,OEM
CF401X,cyan,HPLJ M252 MFP,2300,OEM
0,cyan,HPLJ M2727 MFP,0,OEM
ce311a,cyan,HPLJ M275 MFP,1000,OEM
CF211A,cyan,HPLJ M276 MFP,1800,OEM
CF401X,cyan,HPLJ M277 MFP,10000,OEM
0,cyan,HPLJ M3027 MFP,0,OEM
0,cyan,HPLJ M3035 MFP,0,OEM
0,cyan,HPLJ M3390 MFP,0,OEM
CE411A,cyan,"HPLJ M351, M451",3500,OEM
CE411A,cyan,HPLJ M375 MFP,3500,OEM
0,cyan,HPLJ M401,0,OEM
0,cyan,HPLJ M402,0,OEM
0,cyan,HPLJ M403,0,OEM
0,cyan,HPLJ M425 MFP,0,OEM
0,cyan,HPLJ M426 MFP,0,OEM
CF411X,cyan,HPLJ M452,5000,OEM
0,cyan,HPLJ M4555 MFP,0,OEM
CE411A,cyan,HPLJ M475 MFP,3500,OEM
CF381A,cyan,HPLJ M476 MFP,2700,OEM
CF411X,cyan,HPLJ M477 MFP,5000,OEM
0,cyan,HPLJ M5025 MFP,0,OEM
0,cyan,HPLJ M5035 MFP,0,OEM
0,cyan,HPLJ M501 / M506,0,OEM
0,cyan,HPLJ M521dn MFP,0,OEM
0,cyan,HPLJ M525 MFP,0,OEM
0,cyan,HPLJ M527 MFP,0,OEM
CE401A,cyan,HPLJ M551 MFP,13000,OEM
cf361x,cyan,HPLJ M552,9500,OEM
CF361X,cyan,HPLJ M553,9500,OEM
CE401A,cyan,HPLJ M570 MFP,13000,OEM
CE401A,cyan,HPLJ M575 MFP,13000,OEM
CF361X,cyan,HPLJ M577 MFP,9500,OEM
0,cyan,HPLJ M601,0,OEM
0,cyan,HPLJ M602,0,OEM
0,cyan,HPLJ M603,0,OEM
0,cyan,HPLJ M604,0,OEM
0,cyan,HPLJ M605,0,OEM
0,cyan,HPLJ M606,0,OEM
0,cyan,HPLJ M607,0,OEM
0,cyan,HPLJ M630 MFP,0,OEM
0,cyan,HPLJ M631 / M632 MFP,0,OEM
CF331A,cyan,HPLJ M651,10000,OEM
CF461X,cyan,HPLJ M652,22000,OEM
CF321A,cyan,HPLJ M680 MFP,10000,OEM
CF471X,cyan,HPLJ M681 / M682 MFP,23000,OEM
0,cyan,HPLJ M712,0,OEM
0,cyan,HPLJ M725 MFP,0,OEM
CE271A,cyan,HPLJ M750,10000,OEM
CE341A,cyan,HPLJ M775 MFP,16000,OEM
0,cyan,HPLJ M806,0,OEM
0,cyan,HPLJ M830 MFP,0,OEM
CF311A,cyan,HPLJ M855,31500,OEM
CF301A,cyan,HPLJ M880 MFP,32000,OEM
0,cyan,HPLJ M9040 M9050 MFP,0,OEM
0,cyan,HPLJ P1005/1006,0,OEM
0,cyan,HPLJ P1100,0,OEM
0,cyan,HPLJ P1102,0,OEM
0,cyan,HPLJ P1500,0,OEM
0,cyan,HPLJ P1505,0,OEM
0,cyan,HPLJ P1606,0,OEM
0,cyan,HPLJ P2014/P2015,0,OEM
0,cyan,HPLJ P2030/P2035,0,OEM
0,cyan,HPLJ P2055,0,OEM
0,cyan,HPLJ P3005,0,OEM
0,cyan,HPLJ P3010,0,OEM
0,cyan,HPLJ P3015,0,OEM
0,cyan,HPLJ P4014,0,OEM
0,cyan,HPLJ P4015,0,OEM
0,cyan,HPLJ P4515,0,OEM
0,cyan,HPLJ SX,0,OEM
CN626Am,cyan,"HPOJ X451, X476 MFP",6600,OEM
CN626Am,cyan,"HPOJ X551, X576 MFP",6600,OEM
D8J07A,cyan,HPOJ X555,6600,OEM
D8J07A,cyan,HPOJ X585 MFP,6600,OEM
0,cyan,IBM 4019 - 4028 - 4029,0,OEM
0,cyan,IBM 4039 - 4049,0,OEM
0,cyan,IBM InfoPrint 40 (4332),0,OEM
24b6516,cyan,Lexmark C4150,10000,OEM
20k1400,cyan,Lexmark C510,6000,OEM
C5240CH,cyan,Lexmark C524,5000,OEM
c5220cs,cyan,"Lexmark C530, C532",3000,OEM
c5340cx,cyan,Lexmark C534,7000,OEM
C540H2CG,cyan,Lexmark C540 / C543,2000,OEM
C544X1CG,cyan,Lexmark C544,4000,OEM
C544X1CG,cyan,Lexmark C546,4000,OEM
24b5995,cyan,Lexmark C6160,20000,OEM
c734a1cg,cyan,Lexmark C734,10000,OEM
c736h1cg,cyan,Lexmark C736,10000,OEM
c746a1cg,cyan,Lexmark C746,7000,OEM
c746a1cg,cyan,Lexmark C748,7000,OEM
15g041c,cyan,Lexmark C760,6000,OEM
c7700ch,cyan,Lexmark C770 / C772,10000,OEM
c780h1cg,cyan,Lexmark C780,10000,OEM
C782x1CG,cyan,Lexmark C782,16500,OEM
c792x1cg,cyan,Lexmark C792,20000,OEM
12n0768,cyan,Lexmark C910,14000,OEM
c9202ch,cyan,Lexmark C912,14000,OEM
C925x73g,cyan,Lexmark C925,30000,OEM
C930H2CG,cyan,Lexmark C935,24000,OEM
C950X2CG,cyan,Lexmark C950,22000,OEM
70C1HC0,cyan,Lexmark CS310,3000,OEM
70C1HC0,cyan,Lexmark CS410,3000,OEM
70C1XC0,cyan,Lexmark CS510,4000,OEM
24B5804,cyan,Lexmark CS736,10000,OEM
24b5804,cyan,Lexmark CS748,10000,OEM
24B5828,cyan,Lexmark CS796de,18000,OEM
80C1SC0,cyan,Lexmark CX310 MFP,2000,OEM
80C1HC0,cyan,Lexmark CX410 MFP,3000,OEM
80C1XC0,cyan,Lexmark CX510 MFP,4000,OEM
0,cyan,Lexmark E120n,0,OEM
0,cyan,Lexmark E210,0,OEM
0,cyan,Lexmark E232,0,OEM
0,cyan,Lexmark E240N,0,OEM
0,cyan,Lexmark E250d,0,OEM
0,cyan,Lexmark E260,0,OEM
0,cyan,Lexmark E260D,0,OEM
0,cyan,Lexmark E320,0,OEM
0,cyan,Lexmark E321 / 323,0,OEM
0,cyan,Lexmark E322,0,OEM
0,cyan,Lexmark E330 / 332,0,OEM
0,cyan,Lexmark E340,0,OEM
0,cyan,Lexmark E342,0,OEM
0,cyan,"Lexmark E350, E352",0,OEM
0,cyan,Lexmark E360,0,OEM
0,cyan,Lexmark E450,0,OEM
0,cyan,Lexmark E460,0,OEM
0,cyan,Lexmark E462,0,OEM
0,cyan,Lexmark ES460,0,OEM
0,cyan,Lexmark M1145,0,OEM
0,cyan,Lexmark M3150,0,OEM
0,cyan,Lexmark M410/412,0,OEM
0,cyan,Lexmark M5155,0,OEM
0,cyan,Lexmark M5163,0,OEM
0,cyan,Lexmark M5170,0,OEM
0,cyan,Lexmark MS310/312/315,0,OEM
0,cyan,Lexmark MS410/415,0,OEM
0,cyan,Lexmark MS510,0,OEM
0,cyan,Lexmark MS610,0,OEM
0,cyan,Lexmark MS810,0,OEM
0,cyan,Lexmark MS811,0,OEM
0,cyan,Lexmark MS812,0,OEM
0,cyan,Lexmark MS911 ,0,OEM
0,cyan,Lexmark MX310 MFP,0,OEM
0,cyan,Lexmark MX410 MFP,0,OEM
0,cyan,Lexmark MX510 MFP,0,OEM
0,cyan,Lexmark MX511 MFP,0,OEM
0,cyan,Lexmark MX610 MFP,0,OEM
0,cyan,Lexmark MX611 MFP,0,OEM
0,cyan,Lexmark MX710 MFP,0,OEM
0,cyan,Lexmark MX711 MFP,0,OEM
0,cyan,Lexmark MX810 MFP,0,OEM
0,cyan,Lexmark MX811 MFP,0,OEM
0,cyan,Lexmark MX812 MFP,0,OEM
0,cyan,Lexmark MX910-911-912 MFP,0,OEM
0,cyan,Lexmark Optra R&L 4039 - 4049,0,OEM
0,cyan,Lexmark Optra Se 3455,0,OEM
0,cyan,Lexmark T520 / 522,0,OEM
0,cyan,Lexmark T610/612/614/616,0,OEM
0,cyan,Lexmark T620/622,0,OEM
0,cyan,Lexmark T630/632/634,0,OEM
0,cyan,Lexmark T640,0,OEM
0,cyan,Lexmark T642,0,OEM
0,cyan,Lexmark T644,0,OEM
0,cyan,Lexmark T650,0,OEM
0,cyan,Lexmark T652,0,OEM
0,cyan,Lexmark T654,0,OEM
0,cyan,Lexmark T656,0,OEM
0,cyan,Lexmark TS652,0,OEM
0,cyan,Lexmark TS654 / TS656,0,OEM
0,cyan,Lexmark W812,0,OEM
0,cyan,Lexmark W820,0,OEM
0,cyan,Lexmark W840,0,OEM
0,cyan,Lexmark W850,0,OEM
0,cyan,Lexmark X204 MFP,0,OEM
0,cyan,"Lexmark X264, X363, X364 MFP",0,OEM
0,cyan,Lexmark X342 MFP,0,OEM
0,cyan,Lexmark X346DN MFP,0,OEM
0,cyan,"Lexmark X463, X464, X466 MFP",0,OEM
c500h2cg,cyan,"Lexmark X500, X502 MFP",3000,OEM
C540H2CG,cyan,Lexmark X543 MFP,2000,OEM
C544X1CG,cyan,Lexmark X544 MFP,4000,OEM
C544X1CG,cyan,Lexmark X546 MFP,4000,OEM
C544X1CG,cyan,Lexmark X548 MFP,4000,OEM
X560H2CG,cyan,Lexmark X560 MFP,10000,OEM
0,cyan,Lexmark X646 MFP,0,OEM
0,cyan,Lexmark X651 MFP,0,OEM
0,cyan,Lexmark X652 MFP,0,OEM
0,cyan,"Lexmark X654, X656, X658 MFP",0,OEM
c734a1cg,cyan,Lexmark X734 MFP,6000,OEM
c736h1cg,cyan,"Lexmark X736, X738 MFP",10000,OEM
x746a1cg,cyan,Lexmark X746 MFP,7000,OEM
x746a1cg,cyan,Lexmark X748 MFP,7000,OEM
C782U1CG,cyan,Lexmark X782e MFP,16500,OEM
x792x1cg,cyan,Lexmark X792 MFP,20000,OEM
0,cyan,Lexmark X860 MFP,0,OEM
0,cyan,Lexmark X862 MFP,0,OEM
0,cyan,Lexmark X864 MFP,0,OEM
C925x73g,cyan,Lexmark X925 MFP,30000,OEM
x945x2cg,cyan,"Lexmark X940, X945 MFP",22000,OEM
C950X2CG,cyan,Lexmark X950 MFP,22000,OEM
C950X2CG,cyan,Lexmark X952 MFP,22000,OEM
C950X2CG,cyan,Lexmark X954 MFP,22000,OEM
24b6008,cyan,Lexmark XC2130 MFP,3000,OEM
24B6008,cyan,Lexmark XC2132 MFP,3000,OEM
24b6717,cyan,Lexmark XC4140 / 4150,13000,OEM
24b6508,cyan,Lexmark XC6152,20000,OEM
24b6508,cyan,Lexmark XC8155,20000,OEM
24b6512,cyan,Lexmark XC8160,50000,OEM
21z0296,cyan,"Lexmark XC940e MFP, XC945e MFP",22000,OEM
0,cyan,Lexmark XM1145 MFP,0,OEM
0,cyan,Lexmark XM3150 MFP,0,OEM
0,cyan,Lexmark XM5163 / XM5263 MFP,0,OEM
0,cyan,Lexmark XM5170 MFP,0,OEM
0,cyan,Lexmark XM5270 / XM7163 / XM7263 MFP,0,OEM
0,cyan,"Lexmark XM642, XM644, XM646 MFP",0,OEM
0,cyan,Lexmark XM7155 MFP,0,OEM
0,cyan,Lexmark XM7170 MFP,0,OEM
0,cyan,Lexmark XM7270 MFP,0,OEM
0,cyan,"Lexmark XM850, XM852, XM854 MFP",0,OEM
0,cyan,Lexmark XM9100 Series (9145-9155-9165),0,OEM
0,cyan,Lexmark XS463 MFP,0,OEM
0,cyan,Lexmark XS651 MFP,0,OEM
0,cyan,Lexmark XS652 MFP,0,OEM
0,cyan,Lexmark XS654 MFP,0,OEM
0,cyan,Lexmark XS658 MFP,0,OEM
24B5804,cyan,Lexmark XS734 MFP,10000,OEM
24B5804,cyan,Lexmark XS736 MFP,10000,OEM
24b5804,cyan,Lexmark XS748de MFP,10000,OEM
C782U1CG,cyan,Lexmark XS782 MFP,16500,OEM
24b6018,cyan,Lexmark XS795/798dte MFP,18000,OEM
24B5832,cyan,Lexmark XS796 MFP,18000,OEM
0,cyan,Lexmark XS860de 4 MFP,0,OEM
0,cyan,Lexmark XS862de 4 MFP,0,OEM
0,cyan,Lexmark XS864de 4 MFP,0,OEM
24z0034,cyan,Lexmark XS925 MFP,7500,OEM
22Z0009,cyan,Lexmark XS955dhe MFP,22000,OEM
0,cyan,OKIdata 14e,0,OEM
0,cyan,Toshiba eS1105,0,OEM
0,cyan,Toshiba eS1355,0,OEM
0,cyan,Toshiba eS195,0,OEM
TFC200UC,cyan,Toshiba eS2000AC / 2500AC,33600,OEM
0,cyan,Toshiba eS2007/2507,0,OEM
0,cyan,Toshiba eS2008A / 2508A / 3008A,0,OEM
0,cyan,Toshiba eS202/203,0,OEM
TFC25C,cyan,Toshiba eS2040C,26800,OEM
0,cyan,Toshiba eS205 I,0,OEM
TFC30UC,cyan,Toshiba eS2050C/2051C,28000,OEM
0,cyan,Toshiba eS206,0,OEM
0,cyan,Toshiba eS207,0,OEM
0,cyan,Toshiba eS223,0,OEM
0,cyan,Toshiba eS225,0,OEM
0,cyan,Toshiba eS2306,0,OEM
TFC28C,cyan,Toshiba eS2330c or eS2830c,24000,OEM
0,cyan,Toshiba eS2505,0,OEM
TFC505UC,cyan,Toshiba eS2505AC,33600,OEM
TFC25C,cyan,Toshiba eS2540C,26800,OEM
0,cyan,Toshiba Es255,0,OEM
TFC30UC,cyan,Toshiba eS2550C/2551C,28000,OEM
TFC50UC,cyan,Toshiba eS2555C,28000,OEM
0,cyan,Toshiba eS256,0,OEM
0,cyan,Toshiba eS257,0,OEM
T281CC,cyan,Toshiba eS281c,10000,OEM
TFC34UC,cyan,Toshiba eS287/347CS/407CS,11500,OEM
TFC505UC,cyan,Toshiba eS3005,33600,OEM
TFC25C,cyan,Toshiba eS3040C,26800,OEM
0,cyan,Toshiba eS305,0,OEM
TFC50UC,cyan,Toshiba eS3055C,28000,OEM
0,cyan,Toshiba eS306,0,OEM
0,cyan,Toshiba eS306LP & RD30,0,OEM
0,cyan,Toshiba eS307,0,OEM
TFC505UC,cyan,Toshiba eS3505,33600,OEM
0,cyan,Toshiba eS3508A / 4508A / 5008A,0,OEM
T281CC,cyan,Toshiba eS351c,10000,OEM
TFC28C,cyan,Toshiba eS3530c,24000,OEM
TFC25C,cyan,Toshiba eS3540C,26800,OEM
0,cyan,Toshiba eS355,0,OEM
TFC50UC,cyan,Toshiba eS3555C,28000,OEM
0,cyan,Toshiba eS356,0,OEM
0,cyan,Toshiba eS357,0,OEM
TFC505UC,cyan,Toshiba eS4505,33600,OEM
T281CC,cyan,Toshiba eS451c,10000,OEM
TFC28C,cyan,Toshiba eS4520c,24000,OEM
TFC25C,cyan,Toshiba eS4540C,26800,OEM
0,cyan,Toshiba eS455,0,OEM
TFC50UC,cyan,Toshiba eS4555C,28000,OEM
0,cyan,Toshiba eS456 / 506,0,OEM
0,cyan,Toshiba eS457/507,0,OEM
0,cyan,Toshiba eS477,0,OEM
TFC505UC,cyan,Toshiba eS5005,33600,OEM
TFC50UC,cyan,Toshiba eS5055C,28000,OEM
0,cyan,Toshiba eS527,0,OEM
TFC556UC,cyan,Toshiba eS5506AC / 6506AC,39200,OEM
0,cyan,Toshiba eS5508A / 6508A / 7508A / 8508A,0,OEM
TFC55C,cyan,Toshiba eS5520c,26500,OEM
TFC65C,cyan,Toshiba eS5540C,29500,OEM
0,cyan,Toshiba eS555,0,OEM
0,cyan,Toshiba eS556,0,OEM
TFC75Uc,cyan,Toshiba eS5560c,29500,OEM
0,cyan,Toshiba eS557,0,OEM
TFC55C,cyan,Toshiba eS6520c,26500,OEM
TFC55C,cyan,Toshiba eS6530c,26500,OEM
TFC65C,cyan,Toshiba eS6540C,29500,OEM
0,cyan,Toshiba eS655,0,OEM
TFC65C,cyan,Toshiba eS6550C,29500,OEM
0,cyan,Toshiba eS656,0,OEM
TFC75Uc,cyan,Toshiba eS6560c,29500,OEM
0,cyan,Toshiba eS657,0,OEM
TFC75Uc,cyan,Toshiba eS6570c,29500,OEM
TFC556UC,cyan,Toshiba eS7506AC,39200,OEM
0,cyan,Toshiba eS755,0,OEM
0,cyan,Toshiba eS756,0,OEM
0,cyan,Toshiba eS757,0,OEM
0,cyan,Toshiba eS855,0,OEM
0,cyan,Toshiba eS856,0,OEM
0,cyan,Toshiba eS857,0,OEM
0,cyan,Toshiba eS905,0,OEM
0,cyan,Toshiba eS907 / 1057 / 1207,0,OEM
0,cyan,Dell B3465,0,OEM
W9001MC,cyan,HPLJ E65050,28000,OEM
CD972AN,cyan,HPOJ 7500A,700,OEM
L0S61AN,cyan,HPOJ 8720,1600,OEM
M0J89AN,cyan,HPPW 772,16000,OEM
M0J89AN,cyan,HPPW 777,16000,OEM
0,cyan,Samsung 3471,0,OEM
0,cyan,Samsung 3710,0,OEM
0,cyan,Xerox 3300 MFP,0,OEM
,,,,OEM
0,yellow,HP A3 E825 Series,0,OEM
W9042MC,yellow,HP A3 E778 Series,32000,OEM
X4D15AC,yellow,HPPW P77740,16000,OEM
M0K24XC,yellow,HPPW P77750,16000,OEM
W9052MC,yellow,HP A3 E876 Series,52000,OEM
0,yellow,HP A3 E725 Series,0,OEM
0,yellow,HPLJ 4345 & M4345 MFP,0,OEM
L0S04AN,yellow,HPPW 452,7000,OEM
L0S04AN,yellow,HPPW 477,7000,OEM
L0R07A,yellow,HPPW 552,13000,OEM
L0R07A,yellow,HPPW 577,13000,OEM
L0R15A,yellow,HPPW 556,16000,OEM
L0R15A,yellow,HPPW 586,16000,OEM
0,yellow,"HPLJ 1000, 1200, 1220",0,OEM
0,yellow,HPLJ 1010 / 1012 / 1015 / 1018 / 1020 / 1022,0,OEM
0,yellow,HPLJ 1100 /3200,0,OEM
0,yellow,HPLJ 1150,0,OEM
0,yellow,HPLJ 1160 / 1320,0,OEM
0,yellow,HPLJ 1300,0,OEM
0,yellow,HPLJ 1319 MFP,0,OEM
0,yellow,HPLJ 2100,0,OEM
0,yellow,HPLJ 2200,0,OEM
0,yellow,HPLJ 2300,0,OEM
0,yellow,"HPLJ 2420, 2430",0,OEM
0,yellow,HPLJ 3050 / 3052 / 3055 MFP,0,OEM
0,yellow,HPLJ 3300 MFP,0,OEM
0,yellow,"HPLJ 3SI, 4SI",0,OEM
0,yellow,"HPLJ 4, 4+, 5",0,OEM
0,yellow,"HPLJ 4000, 4050",0,OEM
0,yellow,HPLJ 4100,0,OEM
0,yellow,HPLJ 4100 MFP,0,OEM
0,yellow,"HPLJ 4100, 4101 MFP",0,OEM
0,yellow,HPLJ 4200,0,OEM
0,yellow,HPLJ 4240,0,OEM
0,yellow,HPLJ 4250,0,OEM
0,yellow,HPLJ 4300,0,OEM
0,yellow,HPLJ 4350,0,OEM
0,yellow,HPLJ 4V,0,OEM
0,yellow,HPLJ 5000 / 5100,0,OEM
0,yellow,HPLJ 5200,0,OEM
0,yellow,"HPLJ 5L, 6L, 3100",0,OEM
0,yellow,"HPLJ 5P, 6P",0,OEM
0,yellow,HPLJ 8000,0,OEM
0,yellow,HPLJ 8100,0,OEM
0,yellow,HPLJ 8150,0,OEM
0,yellow,HPLJ 9000,0,OEM
0,yellow,HPLJ 9000 MFP,0,OEM
0,yellow,HPLJ 9040/9050,0,OEM
Q6003A,yellow,HPLJ C1600 / 2600n / 2605,2000,OEM
Q3962A,yellow,HPLJ C2500,4000,OEM
Q3962A,yellow,HPLJ C2550,4000,OEM
q3962A,yellow,HPLJ C2800 MFP,4000,OEM
q3962a,yellow,HPLJ C2840,4000,OEM
Q7562A,yellow,HPLJ C3000,3500,OEM
Q2672A,yellow,HPLJ C3500 / 3550,4000,OEM
Q6472a,yellow,HPLJ C3600,4000,OEM
Q2682A,yellow,HPLJ C3700,6000,OEM
Q7582A,yellow,HPLJ C3800,6000,OEM
0,yellow,HPLJ C4500,0,OEM
0,yellow,HPLJ C4550,0,OEM
C9722A,yellow,HPLJ C4600 / 4650,8000,OEM
Q5952A,yellow,HPLJ C4700,10000,OEM
Q6462A,yellow,HPLJ C4730 MFP,12000,OEM
C9732A,yellow,HPLJ C5500 / C5550,12000,OEM
0,yellow,HPLJ C8500 / 8550,0,OEM
C8552A,yellow,HPLJ C9500,25000,OEM
C8552A,yellow,HPLJ C9500 MFP,25000,OEM
Q6003A,yellow,HPLJ CM1015 / 1017 MFP,2000,OEM
CB542A,yellow,HPLJ CM1312nfi MFP,1400,OEM
CE322A,yellow,HPLJ CM1415 MFP,1300,OEM
CC532A,yellow,HPLJ CM2320 MFP,3500,OEM
CE252A,yellow,HPLJ CM3530 MFP,13000,OEM
CF032A,yellow,HPLJ CM4540 MFP,14000,OEM
CB382A,yellow,HPLJ CM6030/6040 MFP,31000,OEM
CE312A,yellow,HPLJ CP1025,1000,OEM
CB542A,yellow,HPLJ CP1210/1215 /1510/1518ni,1400,OEM
CE322A,yellow,HPLJ CP1525,1300,OEM
CC532A,yellow,HPLJ CP2025,3500,OEM
Q7582A,yellow,HPLJ CP3505,6000,OEM
CE252A,yellow,HPLJ CP3525,13000,OEM
CB403A,yellow,HPLJ CP4005,7500,OEM
CE262A,yellow,HPLJ CP4025,14000,OEM
CE262A,yellow,HPLJ CP4525,14000,OEM
CE742A,yellow,HPLJ CP5225,10000,OEM
CE272A,yellow,HPLJ CP5525,10000,OEM
CB382A,yellow,HPLJ CP6015 ,31000,OEM
W9062MC,yellow,HPLJ E55040,12500,OEM
0,yellow,HPLJ E62565 MFP,0,OEM
W9032MC,yellow,HPLJ E67550 / E67650 MFP,28000,OEM
0,yellow,HPLJ M1210,0,OEM
0,yellow,HPLJ M1212nf MFP,0,OEM
0,yellow,HPLJ M1217 MFP,0,OEM
0,yellow,HPLJ M127,0,OEM
0,yellow,HPLJ M1522 MFP,0,OEM
0,yellow,HPLJ M1536 MFP,0,OEM
CE312A,yellow,HPLJ M175NW MFP,1000,OEM
CF352A,yellow,HPLJ M177 MFP,1000,OEM
0,yellow,HPLJ M201,0,OEM
0,yellow,HPLJ M225 MFP,0,OEM
CF212A,yellow,HPLJ M251,1800,OEM
CF402X,yellow,HPLJ M252 MFP,2300,OEM
0,yellow,HPLJ M2727 MFP,0,OEM
ce312a,yellow,HPLJ M275 MFP,1000,OEM
CF212A,yellow,HPLJ M276 MFP,1800,OEM
CF402X,yellow,HPLJ M277 MFP,10000,OEM
0,yellow,HPLJ M3027 MFP,0,OEM
0,yellow,HPLJ M3035 MFP,0,OEM
0,yellow,HPLJ M3390 MFP,0,OEM
CE412A,yellow,"HPLJ M351, M451",3500,OEM
CE412A,yellow,HPLJ M375 MFP,3500,OEM
0,yellow,HPLJ M401,0,OEM
0,yellow,HPLJ M402,0,OEM
0,yellow,HPLJ M403,0,OEM
0,yellow,HPLJ M425 MFP,0,OEM
0,yellow,HPLJ M426 MFP,0,OEM
CF412X,yellow,HPLJ M452,5000,OEM
0,yellow,HPLJ M4555 MFP,0,OEM
CE412A,yellow,HPLJ M475 MFP,3500,OEM
CF382A,yellow,HPLJ M476 MFP,2700,OEM
CF412X,yellow,HPLJ M477 MFP,5000,OEM
0,yellow,HPLJ M5025 MFP,0,OEM
0,yellow,HPLJ M5035 MFP,0,OEM
0,yellow,HPLJ M501 / M506,0,OEM
0,yellow,HPLJ M521dn MFP,0,OEM
0,yellow,HPLJ M525 MFP,0,OEM
0,yellow,HPLJ M527 MFP,0,OEM
CE402A,yellow,HPLJ M551 MFP,13000,OEM
cf362x,yellow,HPLJ M552,9500,OEM
CF362X,yellow,HPLJ M553,9500,OEM
CE402A,yellow,HPLJ M570 MFP,13000,OEM
CE402A,yellow,HPLJ M575 MFP,13000,OEM
CF362X,yellow,HPLJ M577 MFP,9500,OEM
0,yellow,HPLJ M601,0,OEM
0,yellow,HPLJ M602,0,OEM
0,yellow,HPLJ M603,0,OEM
0,yellow,HPLJ M604,0,OEM
0,yellow,HPLJ M605,0,OEM
0,yellow,HPLJ M606,0,OEM
0,yellow,HPLJ M607,0,OEM
0,yellow,HPLJ M630 MFP,0,OEM
0,yellow,HPLJ M631 / M632 MFP,0,OEM
CF332A,yellow,HPLJ M651,10000,OEM
CF462X,yellow,HPLJ M652,22000,OEM
CF322A,yellow,HPLJ M680 MFP,10000,OEM
CF472X,yellow,HPLJ M681 / M682 MFP,23000,OEM
0,yellow,HPLJ M712,0,OEM
0,yellow,HPLJ M725 MFP,0,OEM
CE272A,yellow,HPLJ M750,10000,OEM
CE342A,yellow,HPLJ M775 MFP,16000,OEM
0,yellow,HPLJ M806,0,OEM
0,yellow,HPLJ M830 MFP,0,OEM
CF312A,yellow,HPLJ M855,31500,OEM
CF302A,yellow,HPLJ M880 MFP,32000,OEM
0,yellow,HPLJ M9040 M9050 MFP,0,OEM
0,yellow,HPLJ P1005/1006,0,OEM
0,yellow,HPLJ P1100,0,OEM
0,yellow,HPLJ P1102,0,OEM
0,yellow,HPLJ P1500,0,OEM
0,yellow,HPLJ P1505,0,OEM
0,yellow,HPLJ P1606,0,OEM
0,yellow,HPLJ P2014/P2015,0,OEM
0,yellow,HPLJ P2030/P2035,0,OEM
0,yellow,HPLJ P2055,0,OEM
0,yellow,HPLJ P3005,0,OEM
0,yellow,HPLJ P3010,0,OEM
0,yellow,HPLJ P3015,0,OEM
0,yellow,HPLJ P4014,0,OEM
0,yellow,HPLJ P4015,0,OEM
0,yellow,HPLJ P4515,0,OEM
0,yellow,HPLJ SX,0,OEM
CN628Am,yellow,"HPOJ X451, X476 MFP",6600,OEM
CN628Am,yellow,"HPOJ X551, X576 MFP",6600,OEM
D8J09A,yellow,HPOJ X555,6600,OEM
D8J09A,yellow,HPOJ X585 MFP,6600,OEM
0,yellow,IBM 4019 - 4028 - 4029,0,OEM
0,yellow,IBM 4039 - 4049,0,OEM
0,yellow,IBM InfoPrint 40 (4332),0,OEM
24b6518,yellow,Lexmark C4150,10000,OEM
20k1402,yellow,Lexmark C510,6000,OEM
c5240yh,yellow,Lexmark C524,5000,OEM
c5220ys,yellow,"Lexmark C530, C532",3000,OEM
c5340yx,yellow,Lexmark C534,7000,OEM
C540H2YG,yellow,Lexmark C540 / C543,2000,OEM
C544X1YG,yellow,Lexmark C544,4000,OEM
C544X1YG,yellow,Lexmark C546,4000,OEM
24b5997,yellow,Lexmark C6160,20000,OEM
c734a1yg,yellow,Lexmark C734,10000,OEM
c736h1yg,yellow,Lexmark C736,10000,OEM
0,yellow,Lexmark C746,7000,OEM
0,yellow,Lexmark C748,7000,OEM
15g041y,yellow,Lexmark C760,6000,OEM
c7700yh,yellow,Lexmark C770 / C772,10000,OEM
c780h1yg,yellow,Lexmark C780,10000,OEM
C782x1YG,yellow,Lexmark C782,16500,OEM
c792x1yg,yellow,Lexmark C792,20000,OEM
12n0770,yellow,Lexmark C910,14000,OEM
c9202yh,yellow,Lexmark C912,14000,OEM
C925x75g,yellow,Lexmark C925,30000,OEM
C930H2YG,yellow,Lexmark C935,24000,OEM
C950X2YG,yellow,Lexmark C950,22000,OEM
70C1HY0,yellow,Lexmark CS310,3000,OEM
70C1HY0,yellow,Lexmark CS410,3000,OEM
70C1XY0,yellow,Lexmark CS510,4000,OEM
24B5806,yellow,Lexmark CS736,10000,OEM
24b5806,yellow,Lexmark CS748,10000,OEM
24B5830,yellow,Lexmark CS796de,18000,OEM
80C1SY0,yellow,Lexmark CX310 MFP,2000,OEM
80C1HY0,yellow,Lexmark CX410 MFP,3000,OEM
80C1XY0,yellow,Lexmark CX510 MFP,4000,OEM
0,yellow,Lexmark E120n,0,OEM
0,yellow,Lexmark E210,0,OEM
0,yellow,Lexmark E232,0,OEM
0,yellow,Lexmark E240N,0,OEM
0,yellow,Lexmark E250d,0,OEM
0,yellow,Lexmark E260,0,OEM
0,yellow,Lexmark E260D,0,OEM
0,yellow,Lexmark E320,0,OEM
0,yellow,Lexmark E321 / 323,0,OEM
0,yellow,Lexmark E322,0,OEM
0,yellow,Lexmark E330 / 332,0,OEM
0,yellow,Lexmark E340,0,OEM
0,yellow,Lexmark E342,0,OEM
0,yellow,"Lexmark E350, E352",0,OEM
0,yellow,Lexmark E360,0,OEM
0,yellow,Lexmark E450,0,OEM
0,yellow,Lexmark E460,0,OEM
0,yellow,Lexmark E462,0,OEM
0,yellow,Lexmark ES460,0,OEM
0,yellow,Lexmark M1145,0,OEM
0,yellow,Lexmark M3150,0,OEM
0,yellow,Lexmark M410/412,0,OEM
0,yellow,Lexmark M5155,0,OEM
0,yellow,Lexmark M5163,0,OEM
0,yellow,Lexmark M5170,0,OEM
0,yellow,Lexmark MS310/312/315,0,OEM
0,yellow,Lexmark MS410/415,0,OEM
0,yellow,Lexmark MS510,0,OEM
0,yellow,Lexmark MS610,0,OEM
0,yellow,Lexmark MS810,0,OEM
0,yellow,Lexmark MS811,0,OEM
0,yellow,Lexmark MS812,0,OEM
0,yellow,Lexmark MS911 ,0,OEM
0,yellow,Lexmark MX310 MFP,0,OEM
0,yellow,Lexmark MX410 MFP,0,OEM
0,yellow,Lexmark MX510 MFP,0,OEM
0,yellow,Lexmark MX511 MFP,0,OEM
0,yellow,Lexmark MX610 MFP,0,OEM
0,yellow,Lexmark MX611 MFP,0,OEM
0,yellow,Lexmark MX710 MFP,0,OEM
0,yellow,Lexmark MX711 MFP,0,OEM
0,yellow,Lexmark MX810 MFP,0,OEM
0,yellow,Lexmark MX811 MFP,0,OEM
0,yellow,Lexmark MX812 MFP,0,OEM
0,yellow,Lexmark MX910-911-912 MFP,0,OEM
0,yellow,Lexmark Optra R&L 4039 - 4049,0,OEM
0,yellow,Lexmark Optra Se 3455,0,OEM
0,yellow,Lexmark T520 / 522,0,OEM
0,yellow,Lexmark T610/612/614/616,0,OEM
0,yellow,Lexmark T620/622,0,OEM
0,yellow,Lexmark T630/632/634,0,OEM
0,yellow,Lexmark T640,0,OEM
0,yellow,Lexmark T642,0,OEM
0,yellow,Lexmark T644,0,OEM
0,yellow,Lexmark T650,0,OEM
0,yellow,Lexmark T652,0,OEM
0,yellow,Lexmark T654,0,OEM
0,yellow,Lexmark T656,0,OEM
0,yellow,Lexmark TS652,0,OEM
0,yellow,Lexmark TS654 / TS656,0,OEM
0,yellow,Lexmark W812,0,OEM
0,yellow,Lexmark W820,0,OEM
0,yellow,Lexmark W840,0,OEM
0,yellow,Lexmark W850,0,OEM
0,yellow,Lexmark X204 MFP,0,OEM
0,yellow,"Lexmark X264, X363, X364 MFP",0,OEM
0,yellow,Lexmark X342 MFP,0,OEM
0,yellow,Lexmark X346DN MFP,0,OEM
0,yellow,"Lexmark X463, X464, X466 MFP",0,OEM
c500h2yg,yellow,"Lexmark X500, X502 MFP",3000,OEM
C540H2YG,yellow,Lexmark X543 MFP,2000,OEM
C544X1YG,yellow,Lexmark X544 MFP,4000,OEM
C544X1YG,yellow,Lexmark X546 MFP,4000,OEM
C544X1YG,yellow,Lexmark X548 MFP,4000,OEM
X560H2MG,yellow,Lexmark X560 MFP,10000,OEM
0,yellow,Lexmark X646 MFP,0,OEM
0,yellow,Lexmark X651 MFP,0,OEM
0,yellow,Lexmark X652 MFP,0,OEM
0,yellow,"Lexmark X654, X656, X658 MFP",0,OEM
c734a1yg,yellow,Lexmark X734 MFP,6000,OEM
c736h1yg,yellow,"Lexmark X736, X738 MFP",10000,OEM
x746a1yg,yellow,Lexmark X746 MFP,7000,OEM
x746a1yg,yellow,Lexmark X748 MFP,7000,OEM
C782U1YG,yellow,Lexmark X782e MFP,16500,OEM
x792x1yg,yellow,Lexmark X792 MFP,20000,OEM
0,yellow,Lexmark X860 MFP,0,OEM
0,yellow,Lexmark X862 MFP,0,OEM
0,yellow,Lexmark X864 MFP,0,OEM
C925x75g,yellow,Lexmark X925 MFP,30000,OEM
x945x2yg,yellow,"Lexmark X940, X945 MFP",22000,OEM
C950X2YG,yellow,Lexmark X950 MFP,22000,OEM
C950X2YG,yellow,Lexmark X952 MFP,22000,OEM
C950X2YG,yellow,Lexmark X954 MFP,22000,OEM
24b6010,yellow,Lexmark XC2130 MFP,3000,OEM
24B6010,yellow,Lexmark XC2132 MFP,3000,OEM
24b6719,yellow,Lexmark XC4140 / 4150,13000,OEM
24b6510,yellow,Lexmark XC6152,20000,OEM
24b6510,yellow,Lexmark XC8155,20000,OEM
24b6514,yellow,Lexmark XC8160,50000,OEM
21z0298,yellow,"Lexmark XC940e MFP, XC945e MFP",22000,OEM
0,yellow,Lexmark XM1145 MFP,0,OEM
0,yellow,Lexmark XM3150 MFP,0,OEM
0,yellow,Lexmark XM5163 / XM5263 MFP,0,OEM
0,yellow,Lexmark XM5170 MFP,0,OEM
0,yellow,Lexmark XM5270 / XM7163 / XM7263 MFP,0,OEM
0,yellow,"Lexmark XM642, XM644, XM646 MFP",0,OEM
0,yellow,Lexmark XM7155 MFP,0,OEM
0,yellow,Lexmark XM7170 MFP,0,OEM
0,yellow,Lexmark XM7270 MFP,0,OEM
0,yellow,"Lexmark XM850, XM852, XM854 MFP",0,OEM
0,yellow,Lexmark XM9100 Series (9145-9155-9165),0,OEM
0,yellow,Lexmark XS463 MFP,0,OEM
0,yellow,Lexmark XS651 MFP,0,OEM
0,yellow,Lexmark XS652 MFP,0,OEM
0,yellow,Lexmark XS654 MFP,0,OEM
0,yellow,Lexmark XS658 MFP,0,OEM
24B5806,yellow,Lexmark XS734 MFP,10000,OEM
24B5806,yellow,Lexmark XS736 MFP,10000,OEM
24b5806,yellow,Lexmark XS748de MFP,10000,OEM
C782U1YG,yellow,Lexmark XS782 MFP,16500,OEM
24b6021,yellow,Lexmark XS795/798dte MFP,18000,OEM
24B5834,yellow,Lexmark XS796 MFP,18000,OEM
0,yellow,Lexmark XS860de 4 MFP,0,OEM
0,yellow,Lexmark XS862de 4 MFP,0,OEM
0,yellow,Lexmark XS864de 4 MFP,0,OEM
24z0036,yellow,Lexmark XS925 MFP,7500,OEM
22Z0011,yellow,Lexmark XS955dhe MFP,22000,OEM
0,yellow,OKIdata 14e,0,OEM
0,yellow,Toshiba eS1105,0,OEM
0,yellow,Toshiba eS1355,0,OEM
0,yellow,Toshiba eS195,0,OEM
TFC200UY,yellow,Toshiba eS2000AC / 2500AC,33600,OEM
0,yellow,Toshiba eS2007/2507,0,OEM
0,yellow,Toshiba eS2008A / 2508A / 3008A,0,OEM
0,yellow,Toshiba eS202/203,0,OEM
TFC25Y,yellow,Toshiba eS2040C,26800,OEM
0,yellow,Toshiba eS205 I,0,OEM
TFC30UY,yellow,Toshiba eS2050C/2051C,28000,OEM
0,yellow,Toshiba eS206,0,OEM
0,yellow,Toshiba eS207,0,OEM
0,yellow,Toshiba eS223,0,OEM
0,yellow,Toshiba eS225,0,OEM
0,yellow,Toshiba eS2306,0,OEM
TFC28Y,yellow,Toshiba eS2330c or eS2830c,24000,OEM
0,yellow,Toshiba eS2505,0,OEM
TFC505UY,yellow,Toshiba eS2505AC,33600,OEM
TFC25Y,yellow,Toshiba eS2540C,26800,OEM
0,yellow,Toshiba Es255,0,OEM
TFC30UY,yellow,Toshiba eS2550C/2551C,28000,OEM
TFC50UY,yellow,Toshiba eS2555C,28000,OEM
0,yellow,Toshiba eS256,0,OEM
0,yellow,Toshiba eS257,0,OEM
T281CY,yellow,Toshiba eS281c,10000,OEM
TFC34UY,yellow,Toshiba eS287/347CS/407CS,11500,OEM
TFC505UY,yellow,Toshiba eS3005,33600,OEM
TFC25Y,yellow,Toshiba eS3040C,26800,OEM
0,yellow,Toshiba eS305,0,OEM
TFC50UY,yellow,Toshiba eS3055C,28000,OEM
0,yellow,Toshiba eS306,0,OEM
0,yellow,Toshiba eS306LP & RD30,0,OEM
0,yellow,Toshiba eS307,0,OEM
TFC505UY,yellow,Toshiba eS3505,33600,OEM
0,yellow,Toshiba eS3508A / 4508A / 5008A,0,OEM
T281CY,yellow,Toshiba eS351c,10000,OEM
TFC28Y,yellow,Toshiba eS3530c,24000,OEM
TFC25Y,yellow,Toshiba eS3540C,26800,OEM
0,yellow,Toshiba eS355,0,OEM
TFC50UY,yellow,Toshiba eS3555C,28000,OEM
0,yellow,Toshiba eS356,0,OEM
0,yellow,Toshiba eS357,0,OEM
TFC505UY,yellow,Toshiba eS4505,33600,OEM
T281CY,yellow,Toshiba eS451c,10000,OEM
TFC28Y,yellow,Toshiba eS4520c,24000,OEM
TFC25Y,yellow,Toshiba eS4540C,26800,OEM
0,yellow,Toshiba eS455,0,OEM
TFC50UY,yellow,Toshiba eS4555C,28000,OEM
0,yellow,Toshiba eS456 / 506,0,OEM
0,yellow,Toshiba eS457/507,0,OEM
0,yellow,Toshiba eS477,0,OEM
TFC505UY,yellow,Toshiba eS5005,33600,OEM
TFC50UY,yellow,Toshiba eS5055C,28000,OEM
0,yellow,Toshiba eS527,0,OEM
TFC556UY,yellow,Toshiba eS5506AC / 6506AC,39200,OEM
0,yellow,Toshiba eS5508A / 6508A / 7508A / 8508A,0,OEM
TFC55Y,yellow,Toshiba eS5520c,26500,OEM
TFC65Y,yellow,Toshiba eS5540C,29500,OEM
0,yellow,Toshiba eS555,0,OEM
0,yellow,Toshiba eS556,0,OEM
TFC75Uy,yellow,Toshiba eS5560c,29500,OEM
0,yellow,Toshiba eS557,0,OEM
TFC55Y,yellow,Toshiba eS6520c,26500,OEM
TFC55Y,yellow,Toshiba eS6530c,26500,OEM
TFC65Y,yellow,Toshiba eS6540C,29500,OEM
0,yellow,Toshiba eS655,0,OEM
TFC65Y,yellow,Toshiba eS6550C,29500,OEM
0,yellow,Toshiba eS656,0,OEM
TFC75Uy,yellow,Toshiba eS6560c,29500,OEM
0,yellow,Toshiba eS657,0,OEM
TFC75Uy,yellow,Toshiba eS6570c,29500,OEM
TFC556UY,yellow,Toshiba eS7506AC,39200,OEM
0,yellow,Toshiba eS755,0,OEM
0,yellow,Toshiba eS756,0,OEM
0,yellow,Toshiba eS757,0,OEM
0,yellow,Toshiba eS855,0,OEM
0,yellow,Toshiba eS856,0,OEM
0,yellow,Toshiba eS857,0,OEM
0,yellow,Toshiba eS905,0,OEM
0,yellow,Toshiba eS907 / 1057 / 1207,0,OEM
0,yellow,Dell B3465,0,OEM
W9002MC,yellow,HPLJ E65050,28000,OEM
CD974AN,yellow,HPOJ 7500A,700,OEM
L0S67AN,yellow,HPOJ 8720,1600,OEM
M0J93AN,yellow,HPPW 772,16000,OEM
M0J93AN,yellow,HPPW 777,16000,OEM
0,yellow,Samsung 3471,0,OEM
0,yellow,Samsung 3710,0,OEM
0,yellow,Xerox 3300 MFP,0,OEM
0,magenta,HP A3 E825 Series,0,OEM
W9043MC,magenta,HP A3 E778 Series,32000,OEM
X4D12AC,magenta,HPPW P77740,16000,OEM
M0K09XC,magenta,HPPW P77750,16000,OEM
W9053MC,magenta,HP A3 E876 Series,52000,OEM
0,magenta,HP A3 E725 Series,0,OEM
0,magenta,HPLJ 4345 & M4345 MFP,0,OEM
L0S01AN,magenta,HPPW 452,7000,OEM
L0S01AN,magenta,HPPW 477,7000,OEM
L0R06A,magenta,HPPW 552,13000,OEM
L0R06A,magenta,HPPW 577,13000,OEM
L0R14A,magenta,HPPW 556,16000,OEM
L0R14A,magenta,HPPW 586,16000,OEM
0,magenta,"HPLJ 1000, 1200, 1220",0,OEM
0,magenta,HPLJ 1010 / 1012 / 1015 / 1018 / 1020 / 1022,0,OEM
0,magenta,HPLJ 1100 /3200,0,OEM
0,magenta,HPLJ 1150,0,OEM
0,magenta,HPLJ 1160 / 1320,0,OEM
0,magenta,HPLJ 1300,0,OEM
0,magenta,HPLJ 1319 MFP,0,OEM
0,magenta,HPLJ 2100,0,OEM
0,magenta,HPLJ 2200,0,OEM
0,magenta,HPLJ 2300,0,OEM
0,magenta,"HPLJ 2420, 2430",0,OEM
0,magenta,HPLJ 3050 / 3052 / 3055 MFP,0,OEM
0,magenta,HPLJ 3300 MFP,0,OEM
0,magenta,"HPLJ 3SI, 4SI",0,OEM
0,magenta,"HPLJ 4, 4+, 5",0,OEM
0,magenta,"HPLJ 4000, 4050",0,OEM
0,magenta,HPLJ 4100,0,OEM
0,magenta,HPLJ 4100 MFP,0,OEM
0,magenta,"HPLJ 4100, 4101 MFP",0,OEM
0,magenta,HPLJ 4200,0,OEM
0,magenta,HPLJ 4240,0,OEM
0,magenta,HPLJ 4250,0,OEM
0,magenta,HPLJ 4300,0,OEM
0,magenta,HPLJ 4350,0,OEM
0,magenta,HPLJ 4V,0,OEM
0,magenta,HPLJ 5000 / 5100,0,OEM
0,magenta,HPLJ 5200,0,OEM
0,magenta,"HPLJ 5L, 6L, 3100",0,OEM
0,magenta,"HPLJ 5P, 6P",0,OEM
0,magenta,HPLJ 8000,0,OEM
0,magenta,HPLJ 8100,0,OEM
0,magenta,HPLJ 8150,0,OEM
0,magenta,HPLJ 9000,0,OEM
0,magenta,HPLJ 9000 MFP,0,OEM
0,magenta,HPLJ 9040/9050,0,OEM
Q6002A,magenta,HPLJ C1600 / 2600n / 2605,2000,OEM
Q3963A,magenta,HPLJ C2500,4000,OEM
Q3963A,magenta,HPLJ C2550,4000,OEM
q3963A,magenta,HPLJ C2800 MFP,4000,OEM
q3963a,magenta,HPLJ C2840,4000,OEM
Q7563A,magenta,HPLJ C3000,3500,OEM
Q2673A,magenta,HPLJ C3500 / 3550,4000,OEM
Q6473a,magenta,HPLJ C3600,4000,OEM
Q2683A,magenta,HPLJ C3700,6000,OEM
Q7583A,magenta,HPLJ C3800,6000,OEM
0,magenta,HPLJ C4500,0,OEM
0,magenta,HPLJ C4550,0,OEM
C9723A,magenta,HPLJ C4600 / 4650,8000,OEM
Q5953A,magenta,HPLJ C4700,10000,OEM
Q6463A,magenta,HPLJ C4730 MFP,12000,OEM
C9733A,magenta,HPLJ C5500 / C5550,12000,OEM
0,magenta,HPLJ C8500 / 8550,0,OEM
C8553A,magenta,HPLJ C9500,25000,OEM
C8553A,magenta,HPLJ C9500 MFP,25000,OEM
Q6002A,magenta,HPLJ CM1015 / 1017 MFP,2000,OEM
CB543A,magenta,HPLJ CM1312nfi MFP,1400,OEM
CE323A,magenta,HPLJ CM1415 MFP,1300,OEM
CC533A,magenta,HPLJ CM2320 MFP,3500,OEM
CE253A,magenta,HPLJ CM3530 MFP,13000,OEM
CF033A,magenta,HPLJ CM4540 MFP,14000,OEM
CB383A,magenta,HPLJ CM6030/6040 MFP,31000,OEM
CE313A,magenta,HPLJ CP1025,1000,OEM
CB543A,magenta,HPLJ CP1210/1215 /1510/1518ni,1400,OEM
CE323A,magenta,HPLJ CP1525,1300,OEM
CC533A,magenta,HPLJ CP2025,3500,OEM
Q7583A,magenta,HPLJ CP3505,6000,OEM
CE253A,magenta,HPLJ CP3525,13000,OEM
CB402A,magenta,HPLJ CP4005,7500,OEM
CE263A,magenta,HPLJ CP4025,14000,OEM
CE263A,magenta,HPLJ CP4525,14000,OEM
CE743A,magenta,HPLJ CP5225,10000,OEM
CE273A,magenta,HPLJ CP5525,10000,OEM
CB383A,magenta,HPLJ CP6015 ,31000,OEM
W9063MC,magenta,HPLJ E55040,12500,OEM
0,magenta,HPLJ E62565 MFP,0,OEM
W9033MC,magenta,HPLJ E67550 / E67650 MFP,28000,OEM
0,magenta,HPLJ M1210,0,OEM
0,magenta,HPLJ M1212nf MFP,0,OEM
0,magenta,HPLJ M1217 MFP,0,OEM
0,magenta,HPLJ M127,0,OEM
0,magenta,HPLJ M1522 MFP,0,OEM
0,magenta,HPLJ M1536 MFP,0,OEM
CE313A,magenta,HPLJ M175NW MFP,1000,OEM
CF353A,magenta,HPLJ M177 MFP,1000,OEM
0,magenta,HPLJ M201,0,OEM
0,magenta,HPLJ M225 MFP,0,OEM
CF213A,magenta,HPLJ M251,1800,OEM
CF403X,magenta,HPLJ M252 MFP,2300,OEM
0,magenta,HPLJ M2727 MFP,0,OEM
ce313a,magenta,HPLJ M275 MFP,1000,OEM
CF213A,magenta,HPLJ M276 MFP,1800,OEM
CF403X,magenta,HPLJ M277 MFP,10000,OEM
0,magenta,HPLJ M3027 MFP,0,OEM
0,magenta,HPLJ M3035 MFP,0,OEM
0,magenta,HPLJ M3390 MFP,0,OEM
CE413A,magenta,"HPLJ M351, M451",3500,OEM
CE413A,magenta,HPLJ M375 MFP,3500,OEM
0,magenta,HPLJ M401,0,OEM
0,magenta,HPLJ M402,0,OEM
0,magenta,HPLJ M403,0,OEM
0,magenta,HPLJ M425 MFP,0,OEM
0,magenta,HPLJ M426 MFP,0,OEM
CF413X,magenta,HPLJ M452,5000,OEM
0,magenta,HPLJ M4555 MFP,0,OEM
CE413A,magenta,HPLJ M475 MFP,3500,OEM
CF383A,magenta,HPLJ M476 MFP,2700,OEM
CF413X,magenta,HPLJ M477 MFP,5000,OEM
0,magenta,HPLJ M5025 MFP,0,OEM
0,magenta,HPLJ M5035 MFP,0,OEM
0,magenta,HPLJ M501 / M506,0,OEM
0,magenta,HPLJ M521dn MFP,0,OEM
0,magenta,HPLJ M525 MFP,0,OEM
0,magenta,HPLJ M527 MFP,0,OEM
CE403A,magenta,HPLJ M551 MFP,13000,OEM
cf363x,magenta,HPLJ M552,9500,OEM
CF363X,magenta,HPLJ M553,9500,OEM
CE403A,magenta,HPLJ M570 MFP,13000,OEM
CE403A,magenta,HPLJ M575 MFP,13000,OEM
CF363X,magenta,HPLJ M577 MFP,9500,OEM
0,magenta,HPLJ M601,0,OEM
0,magenta,HPLJ M602,0,OEM
0,magenta,HPLJ M603,0,OEM
0,magenta,HPLJ M604,0,OEM
0,magenta,HPLJ M605,0,OEM
0,magenta,HPLJ M606,0,OEM
0,magenta,HPLJ M607,0,OEM
0,magenta,HPLJ M630 MFP,0,OEM
0,magenta,HPLJ M631 / M632 MFP,0,OEM
CF333A,magenta,HPLJ M651,10000,OEM
CF463X,magenta,HPLJ M652,22000,OEM
CF323A,magenta,HPLJ M680 MFP,10000,OEM
CF472X,magenta,HPLJ M681 / M682 MFP,23000,OEM
0,magenta,HPLJ M712,0,OEM
0,magenta,HPLJ M725 MFP,0,OEM
CE273A,magenta,HPLJ M750,10000,OEM
CE343A,magenta,HPLJ M775 MFP,16000,OEM
0,magenta,HPLJ M806,0,OEM
0,magenta,HPLJ M830 MFP,0,OEM
CF313A,magenta,HPLJ M855,31500,OEM
CF303A,magenta,HPLJ M880 MFP,32000,OEM
0,magenta,HPLJ M9040 M9050 MFP,0,OEM
0,magenta,HPLJ P1005/1006,0,OEM
0,magenta,HPLJ P1100,0,OEM
0,magenta,HPLJ P1102,0,OEM
0,magenta,HPLJ P1500,0,OEM
0,magenta,HPLJ P1505,0,OEM
0,magenta,HPLJ P1606,0,OEM
0,magenta,HPLJ P2014/P2015,0,OEM
0,magenta,HPLJ P2030/P2035,0,OEM
0,magenta,HPLJ P2055,0,OEM
0,magenta,HPLJ P3005,0,OEM
0,magenta,HPLJ P3010,0,OEM
0,magenta,HPLJ P3015,0,OEM
0,magenta,HPLJ P4014,0,OEM
0,magenta,HPLJ P4015,0,OEM
0,magenta,HPLJ P4515,0,OEM
0,magenta,HPLJ SX,0,OEM
CN627Am,magenta,"HPOJ X451, X476 MFP",6600,OEM
CN627Am,magenta,"HPOJ X551, X576 MFP",6600,OEM
D8J08A,magenta,HPOJ X555,6600,OEM
D8J08A,magenta,HPOJ X585 MFP,6600,OEM
0,magenta,IBM 4019 - 4028 - 4029,0,OEM
0,magenta,IBM 4039 - 4049,0,OEM
0,magenta,IBM InfoPrint 40 (4332),0,OEM
24b6517,magenta,Lexmark C4150,10000,OEM
20k1401,magenta,Lexmark C510,6000,OEM
C5240mh,magenta,Lexmark C524,5000,OEM
c5220ms,magenta,"Lexmark C530, C532",3000,OEM
c5340mx,magenta,Lexmark C534,7000,OEM
C540H2MG,magenta,Lexmark C540 / C543,2000,OEM
C544X1MG,magenta,Lexmark C544,4000,OEM
C544X1MG,magenta,Lexmark C546,4000,OEM
24b5996,magenta,Lexmark C6160,20000,OEM
c734a1mg,magenta,Lexmark C734,10000,OEM
c736h1mg,magenta,Lexmark C736,10000,OEM
c746a1mg,magenta,Lexmark C746,7000,OEM
c746a1mg,magenta,Lexmark C748,7000,OEM
15g041m,magenta,Lexmark C760,6000,OEM
c7700mh,magenta,Lexmark C770 / C772,10000,OEM
c780h1mg,magenta,Lexmark C780,10000,OEM
C782x1MG,magenta,Lexmark C782,16500,OEM
c792x1mg,magenta,Lexmark C792,20000,OEM
12n0769,magenta,Lexmark C910,14000,OEM
c9202mh,magenta,Lexmark C912,14000,OEM
C925x74g,magenta,Lexmark C925,30000,OEM
C930H2MG,magenta,Lexmark C935,24000,OEM
C950X2MG,magenta,Lexmark C950,22000,OEM
70C1HM0,magenta,Lexmark CS310,3000,OEM
70C1HM0,magenta,Lexmark CS410,3000,OEM
70C1XM0,magenta,Lexmark CS510,4000,OEM
24B5805,magenta,Lexmark CS736,10000,OEM
24b5805,magenta,Lexmark CS748,10000,OEM
24B5829,magenta,Lexmark CS796de,18000,OEM
80C1SM0,magenta,Lexmark CX310 MFP,2000,OEM
80C1HM0,magenta,Lexmark CX410 MFP,3000,OEM
80C1XM0,magenta,Lexmark CX510 MFP,4000,OEM
0,magenta,Lexmark E120n,0,OEM
0,magenta,Lexmark E210,0,OEM
0,magenta,Lexmark E232,0,OEM
0,magenta,Lexmark E240N,0,OEM
0,magenta,Lexmark E250d,0,OEM
0,magenta,Lexmark E260,0,OEM
0,magenta,Lexmark E260D,0,OEM
0,magenta,Lexmark E320,0,OEM
0,magenta,Lexmark E321 / 323,0,OEM
0,magenta,Lexmark E322,0,OEM
0,magenta,Lexmark E330 / 332,0,OEM
0,magenta,Lexmark E340,0,OEM
0,magenta,Lexmark E342,0,OEM
0,magenta,"Lexmark E350, E352",0,OEM
0,magenta,Lexmark E360,0,OEM
0,magenta,Lexmark E450,0,OEM
0,magenta,Lexmark E460,0,OEM
0,magenta,Lexmark E462,0,OEM
0,magenta,Lexmark ES460,0,OEM
0,magenta,Lexmark M1145,0,OEM
0,magenta,Lexmark M3150,0,OEM
0,magenta,Lexmark M410/412,0,OEM
0,magenta,Lexmark M5155,0,OEM
0,magenta,Lexmark M5163,0,OEM
0,magenta,Lexmark M5170,0,OEM
0,magenta,Lexmark MS310/312/315,0,OEM
0,magenta,Lexmark MS410/415,0,OEM
0,magenta,Lexmark MS510,0,OEM
0,magenta,Lexmark MS610,0,OEM
0,magenta,Lexmark MS810,0,OEM
0,magenta,Lexmark MS811,0,OEM
0,magenta,Lexmark MS812,0,OEM
0,magenta,Lexmark MS911 ,0,OEM
0,magenta,Lexmark MX310 MFP,0,OEM
0,magenta,Lexmark MX410 MFP,0,OEM
0,magenta,Lexmark MX510 MFP,0,OEM
0,magenta,Lexmark MX511 MFP,0,OEM
0,magenta,Lexmark MX610 MFP,0,OEM
0,magenta,Lexmark MX611 MFP,0,OEM
0,magenta,Lexmark MX710 MFP,0,OEM
0,magenta,Lexmark MX711 MFP,0,OEM
0,magenta,Lexmark MX810 MFP,0,OEM
0,magenta,Lexmark MX811 MFP,0,OEM
0,magenta,Lexmark MX812 MFP,0,OEM
0,magenta,Lexmark MX910-911-912 MFP,0,OEM
0,magenta,Lexmark Optra R&L 4039 - 4049,0,OEM
0,magenta,Lexmark Optra Se 3455,0,OEM
0,magenta,Lexmark T520 / 522,0,OEM
0,magenta,Lexmark T610/612/614/616,0,OEM
0,magenta,Lexmark T620/622,0,OEM
0,magenta,Lexmark T630/632/634,0,OEM
0,magenta,Lexmark T640,0,OEM
0,magenta,Lexmark T642,0,OEM
0,magenta,Lexmark T644,0,OEM
0,magenta,Lexmark T650,0,OEM
0,magenta,Lexmark T652,0,OEM
0,magenta,Lexmark T654,0,OEM
0,magenta,Lexmark T656,0,OEM
0,magenta,Lexmark TS652,0,OEM
0,magenta,Lexmark TS654 / TS656,0,OEM
0,magenta,Lexmark W812,0,OEM
0,magenta,Lexmark W820,0,OEM
0,magenta,Lexmark W840,0,OEM
0,magenta,Lexmark W850,0,OEM
0,magenta,Lexmark X204 MFP,0,OEM
0,magenta,"Lexmark X264, X363, X364 MFP",0,OEM
0,magenta,Lexmark X342 MFP,0,OEM
0,magenta,Lexmark X346DN MFP,0,OEM
0,magenta,"Lexmark X463, X464, X466 MFP",0,OEM
c500h2mg,magenta,"Lexmark X500, X502 MFP",3000,OEM
C540H2MG,magenta,Lexmark X543 MFP,2000,OEM
C544X1MG,magenta,Lexmark X544 MFP,4000,OEM
C544X1MG,magenta,Lexmark X546 MFP,4000,OEM
C544X1MG,magenta,Lexmark X548 MFP,4000,OEM
X560H2YG,magenta,Lexmark X560 MFP,10000,OEM
0,magenta,Lexmark X646 MFP,0,OEM
0,magenta,Lexmark X651 MFP,0,OEM
0,magenta,Lexmark X652 MFP,0,OEM
0,magenta,"Lexmark X654, X656, X658 MFP",0,OEM
c734a1mg,magenta,Lexmark X734 MFP,6000,OEM
c736h1mg,magenta,"Lexmark X736, X738 MFP",10000,OEM
x746a1mg,magenta,Lexmark X746 MFP,7000,OEM
x746a1mg,magenta,Lexmark X748 MFP,7000,OEM
C782U1MG,magenta,Lexmark X782e MFP,16500,OEM
x792x1mg,magenta,Lexmark X792 MFP,20000,OEM
0,magenta,Lexmark X860 MFP,0,OEM
0,magenta,Lexmark X862 MFP,0,OEM
0,magenta,Lexmark X864 MFP,0,OEM
C925x74g,magenta,Lexmark X925 MFP,30000,OEM
x945x2mg,magenta,"Lexmark X940, X945 MFP",22000,OEM
C950X2MG,magenta,Lexmark X950 MFP,22000,OEM
C950X2MG,magenta,Lexmark X952 MFP,22000,OEM
C950X2MG,magenta,Lexmark X954 MFP,22000,OEM
24b6009,magenta,Lexmark XC2130 MFP,3000,OEM
24B6009,magenta,Lexmark XC2132 MFP,3000,OEM
24b6718,magenta,Lexmark XC4140 / 4150,13000,OEM
24b6509,magenta,Lexmark XC6152,20000,OEM
24b6509,magenta,Lexmark XC8155,20000,OEM
24b6513,magenta,Lexmark XC8160,50000,OEM
21z0297,magenta,"Lexmark XC940e MFP, XC945e MFP",22000,OEM
0,magenta,Lexmark XM1145 MFP,0,OEM
0,magenta,Lexmark XM3150 MFP,0,OEM
0,magenta,Lexmark XM5163 / XM5263 MFP,0,OEM
0,magenta,Lexmark XM5170 MFP,0,OEM
0,magenta,Lexmark XM5270 / XM7163 / XM7263 MFP,0,OEM
0,magenta,"Lexmark XM642, XM644, XM646 MFP",0,OEM
0,magenta,Lexmark XM7155 MFP,0,OEM
0,magenta,Lexmark XM7170 MFP,0,OEM
0,magenta,Lexmark XM7270 MFP,0,OEM
0,magenta,"Lexmark XM850, XM852, XM854 MFP",0,OEM
0,magenta,Lexmark XM9100 Series (9145-9155-9165),0,OEM
0,magenta,Lexmark XS463 MFP,0,OEM
0,magenta,Lexmark XS651 MFP,0,OEM
0,magenta,Lexmark XS652 MFP,0,OEM
0,magenta,Lexmark XS654 MFP,0,OEM
0,magenta,Lexmark XS658 MFP,0,OEM
24B5805,magenta,Lexmark XS734 MFP,10000,OEM
24B5805,magenta,Lexmark XS736 MFP,10000,OEM
24b5805,magenta,Lexmark XS748de MFP,10000,OEM
C782U1MG,magenta,Lexmark XS782 MFP,16500,OEM
24b6019,magenta,Lexmark XS795/798dte MFP,18000,OEM
24B5833,magenta,Lexmark XS796 MFP,18000,OEM
0,magenta,Lexmark XS860de 4 MFP,0,OEM
0,magenta,Lexmark XS862de 4 MFP,0,OEM
0,magenta,Lexmark XS864de 4 MFP,0,OEM
24z0035,magenta,Lexmark XS925 MFP,7500,OEM
22Z0010,magenta,Lexmark XS955dhe MFP,22000,OEM
0,magenta,OKIdata 14e,0,OEM
0,magenta,Toshiba eS1105,0,OEM
0,magenta,Toshiba eS1355,0,OEM
0,magenta,Toshiba eS195,0,OEM
TFC200UM,magenta,Toshiba eS2000AC / 2500AC,33600,OEM
0,magenta,Toshiba eS2007/2507,0,OEM
0,magenta,Toshiba eS2008A / 2508A / 3008A,0,OEM
0,magenta,Toshiba eS202/203,0,OEM
TFC25M,magenta,Toshiba eS2040C,26800,OEM
0,magenta,Toshiba eS205 I,0,OEM
TFC30UM,magenta,Toshiba eS2050C/2051C,28000,OEM
0,magenta,Toshiba eS206,0,OEM
0,magenta,Toshiba eS207,0,OEM
0,magenta,Toshiba eS223,0,OEM
0,magenta,Toshiba eS225,0,OEM
0,magenta,Toshiba eS2306,0,OEM
TFC28M,magenta,Toshiba eS2330c or eS2830c,24000,OEM
0,magenta,Toshiba eS2505,0,OEM
TFC505UM,magenta,Toshiba eS2505AC,33600,OEM
TFC25M,magenta,Toshiba eS2540C,26800,OEM
0,magenta,Toshiba Es255,0,OEM
TFC30UM,magenta,Toshiba eS2550C/2551C,28000,OEM
TFC50UM,magenta,Toshiba eS2555C,28000,OEM
0,magenta,Toshiba eS256,0,OEM
0,magenta,Toshiba eS257,0,OEM
T281CM,magenta,Toshiba eS281c,10000,OEM
TFC34UM,magenta,Toshiba eS287/347CS/407CS,11500,OEM
TFC505UM,magenta,Toshiba eS3005,33600,OEM
TFC25M,magenta,Toshiba eS3040C,26800,OEM
0,magenta,Toshiba eS305,0,OEM
TFC50UM,magenta,Toshiba eS3055C,28000,OEM
0,magenta,Toshiba eS306,0,OEM
0,magenta,Toshiba eS306LP & RD30,0,OEM
0,magenta,Toshiba eS307,0,OEM
TFC505UM,magenta,Toshiba eS3505,33600,OEM
0,magenta,Toshiba eS3508A / 4508A / 5008A,0,OEM
T281CM,magenta,Toshiba eS351c,10000,OEM
TFC28M,magenta,Toshiba eS3530c,24000,OEM
TFC25M,magenta,Toshiba eS3540C,26800,OEM
0,magenta,Toshiba eS355,0,OEM
TFC50UM,magenta,Toshiba eS3555C,28000,OEM
0,magenta,Toshiba eS356,0,OEM
0,magenta,Toshiba eS357,0,OEM
TFC505UM,magenta,Toshiba eS4505,33600,OEM
T281CM,magenta,Toshiba eS451c,10000,OEM
TFC28M,magenta,Toshiba eS4520c,24000,OEM
TFC25M,magenta,Toshiba eS4540C,26800,OEM
0,magenta,Toshiba eS455,0,OEM
TFC50UM,magenta,Toshiba eS4555C,28000,OEM
0,magenta,Toshiba eS456 / 506,0,OEM
0,magenta,Toshiba eS457/507,0,OEM
0,magenta,Toshiba eS477,0,OEM
TFC505UM,magenta,Toshiba eS5005,33600,OEM
TFC50UM,magenta,Toshiba eS5055C,28000,OEM
0,magenta,Toshiba eS527,0,OEM
TFC556UM,magenta,Toshiba eS5506AC / 6506AC,39200,OEM
0,magenta,Toshiba eS5508A / 6508A / 7508A / 8508A,0,OEM
TFC55M,magenta,Toshiba eS5520c,26500,OEM
TFC65M,magenta,Toshiba eS5540C,29500,OEM
0,magenta,Toshiba eS555,0,OEM
0,magenta,Toshiba eS556,0,OEM
TFC75Um,magenta,Toshiba eS5560c,29500,OEM
0,magenta,Toshiba eS557,0,OEM
TFC55M,magenta,Toshiba eS6520c,26500,OEM
TFC55M,magenta,Toshiba eS6530c,26500,OEM
TFC65M,magenta,Toshiba eS6540C,29500,OEM
0,magenta,Toshiba eS655,0,OEM
TFC65M,magenta,Toshiba eS6550C,29500,OEM
0,magenta,Toshiba eS656,0,OEM
TFC75Um,magenta,Toshiba eS6560c,29500,OEM
0,magenta,Toshiba eS657,0,OEM
TFC75Um,magenta,Toshiba eS6570c,29500,OEM
TFC556UM,magenta,Toshiba eS7506AC,39200,OEM
0,magenta,Toshiba eS755,0,OEM
0,magenta,Toshiba eS756,0,OEM
0,magenta,Toshiba eS757,0,OEM
0,magenta,Toshiba eS855,0,OEM
0,magenta,Toshiba eS856,0,OEM
0,magenta,Toshiba eS857,0,OEM
0,magenta,Toshiba eS905,0,OEM
0,magenta,Toshiba eS907 / 1057 / 1207,0,OEM
0,magenta,Dell B3465,0,OEM
W9003MC,magenta,HPLJ E65050,28000,OEM
CD973AN,magenta,HPOJ 7500A,700,OEM
L0S64AN,magenta,HPOJ 8720,1600,OEM
M0J97AN,magenta,HPPW 772,16000,OEM
M0J97AN,magenta,HPPW 777,16000,OEM
0,magenta,Samsung 3471,0,OEM
0,magenta,Samsung 3710,0,OEM
0,magenta,Xerox 3300 MFP,0,OEM
